metric,calendar_qrt,sources,AAN_qrt,AAN,AAP_qrt,AAP,ABG_qrt,ABG,GM_qrt,GM
EPS,2001Q1,Actuals,2001Q1,,2001Q1,,2001Q1,0.19,,
EPS,2001Q1,E_high,2001Q1,,2001Q1,,2001Q1,,,
EPS,2001Q1,E_low,2001Q1,,2001Q1,,2001Q1,,,
EPS,2001Q1,E_mean,2001Q1,,2001Q1,,2001Q1,,,
EPS,2001Q1,Estimize,2001Q1,,2001Q1,,2001Q1,,,
EPS,2001Q1,W_high,2001Q1,,2001Q1,,2001Q1,,,
EPS,2001Q1,W_low,2001Q1,,2001Q1,,2001Q1,,,
EPS,2001Q1,Wall_St.,2001Q1,,2001Q1,,2001Q1,0.0,,
EPS,2001Q2,Actuals,2001Q2,,2001Q2,0.19,2001Q2,0.28,,
EPS,2001Q2,E_high,2001Q2,,2001Q2,,2001Q2,,,
EPS,2001Q2,E_low,2001Q2,,2001Q2,,2001Q2,,,
EPS,2001Q2,E_mean,2001Q2,,2001Q2,,2001Q2,,,
EPS,2001Q2,Estimize,2001Q2,,2001Q2,,2001Q2,,,
EPS,2001Q2,W_high,2001Q2,,2001Q2,,2001Q2,,,
EPS,2001Q2,W_low,2001Q2,,2001Q2,,2001Q2,,,
EPS,2001Q2,Wall_St.,2001Q2,,2001Q2,0.0,2001Q2,0.0,,
EPS,2001Q3,Actuals,2001Q3,,2001Q3,0.18,2001Q3,0.32,,
EPS,2001Q3,E_high,2001Q3,,2001Q3,,2001Q3,,,
EPS,2001Q3,E_low,2001Q3,,2001Q3,,2001Q3,,,
EPS,2001Q3,E_mean,2001Q3,,2001Q3,,2001Q3,,,
EPS,2001Q3,Estimize,2001Q3,,2001Q3,,2001Q3,,,
EPS,2001Q3,W_high,2001Q3,,2001Q3,,2001Q3,,,
EPS,2001Q3,W_low,2001Q3,,2001Q3,,2001Q3,,,
EPS,2001Q3,Wall_St.,2001Q3,,2001Q3,0.0,2001Q3,0.0,,
EPS,2001Q4,Actuals,2001Q4,,2001Q4,0.01,2001Q4,0.31,,
EPS,2001Q4,E_high,2001Q4,,2001Q4,,2001Q4,,,
EPS,2001Q4,E_low,2001Q4,,2001Q4,,2001Q4,,,
EPS,2001Q4,E_mean,2001Q4,,2001Q4,,2001Q4,,,
EPS,2001Q4,Estimize,2001Q4,,2001Q4,,2001Q4,,,
EPS,2001Q4,W_high,2001Q4,,2001Q4,,2001Q4,,,
EPS,2001Q4,W_low,2001Q4,,2001Q4,,2001Q4,,,
EPS,2001Q4,Wall_St.,2001Q4,,2001Q4,0.01,2001Q4,0.0,,
EPS,2002Q1,Actuals,2002Q1,,2002Q1,0.18,2002Q1,0.33,,
EPS,2002Q1,E_high,2002Q1,,2002Q1,,2002Q1,,,
EPS,2002Q1,E_low,2002Q1,,2002Q1,,2002Q1,,,
EPS,2002Q1,E_mean,2002Q1,,2002Q1,,2002Q1,,,
EPS,2002Q1,Estimize,2002Q1,,2002Q1,,2002Q1,,,
EPS,2002Q1,W_high,2002Q1,,2002Q1,,2002Q1,,,
EPS,2002Q1,W_low,2002Q1,,2002Q1,,2002Q1,,,
EPS,2002Q1,Wall_St.,2002Q1,,2002Q1,0.18,2002Q1,0.32,,
EPS,2002Q2,Actuals,2002Q2,,2002Q2,0.26,2002Q2,0.4,,
EPS,2002Q2,E_high,2002Q2,,2002Q2,,2002Q2,,,
EPS,2002Q2,E_low,2002Q2,,2002Q2,,2002Q2,,,
EPS,2002Q2,E_mean,2002Q2,,2002Q2,,2002Q2,,,
EPS,2002Q2,Estimize,2002Q2,,2002Q2,,2002Q2,,,
EPS,2002Q2,W_high,2002Q2,,2002Q2,,2002Q2,,,
EPS,2002Q2,W_low,2002Q2,,2002Q2,,2002Q2,,,
EPS,2002Q2,Wall_St.,2002Q2,,2002Q2,0.24,2002Q2,0.38,,
EPS,2002Q3,Actuals,2002Q3,,2002Q3,0.31,2002Q3,0.5,,
EPS,2002Q3,E_high,2002Q3,,2002Q3,,2002Q3,,,
EPS,2002Q3,E_low,2002Q3,,2002Q3,,2002Q3,,,
EPS,2002Q3,E_mean,2002Q3,,2002Q3,,2002Q3,,,
EPS,2002Q3,Estimize,2002Q3,,2002Q3,,2002Q3,,,
EPS,2002Q3,W_high,2002Q3,,2002Q3,,2002Q3,,,
EPS,2002Q3,W_low,2002Q3,,2002Q3,,2002Q3,,,
EPS,2002Q3,Wall_St.,2002Q3,,2002Q3,0.29,2002Q3,0.49,,
EPS,2002Q4,Actuals,2002Q4,,2002Q4,0.14,2002Q4,0.18,,
EPS,2002Q4,E_high,2002Q4,,2002Q4,,2002Q4,,,
EPS,2002Q4,E_low,2002Q4,,2002Q4,,2002Q4,,,
EPS,2002Q4,E_mean,2002Q4,,2002Q4,,2002Q4,,,
EPS,2002Q4,Estimize,2002Q4,,2002Q4,,2002Q4,,,
EPS,2002Q4,W_high,2002Q4,,2002Q4,,2002Q4,,,
EPS,2002Q4,W_low,2002Q4,,2002Q4,,2002Q4,,,
EPS,2002Q4,Wall_St.,2002Q4,,2002Q4,0.14,2002Q4,0.19,,
EPS,2003Q1,Actuals,2003Q1,,2003Q1,0.33,2003Q1,0.21,,
EPS,2003Q1,E_high,2003Q1,,2003Q1,,2003Q1,,,
EPS,2003Q1,E_low,2003Q1,,2003Q1,,2003Q1,,,
EPS,2003Q1,E_mean,2003Q1,,2003Q1,,2003Q1,,,
EPS,2003Q1,Estimize,2003Q1,,2003Q1,,2003Q1,,,
EPS,2003Q1,W_high,2003Q1,,2003Q1,,2003Q1,,,
EPS,2003Q1,W_low,2003Q1,,2003Q1,,2003Q1,,,
EPS,2003Q1,Wall_St.,2003Q1,,2003Q1,0.25,2003Q1,0.22,,
EPS,2003Q2,Actuals,2003Q2,,2003Q2,0.4,2003Q2,0.44,,
EPS,2003Q2,E_high,2003Q2,,2003Q2,,2003Q2,,,
EPS,2003Q2,E_low,2003Q2,,2003Q2,,2003Q2,,,
EPS,2003Q2,E_mean,2003Q2,,2003Q2,,2003Q2,,,
EPS,2003Q2,Estimize,2003Q2,,2003Q2,,2003Q2,,,
EPS,2003Q2,W_high,2003Q2,,2003Q2,,2003Q2,,,
EPS,2003Q2,W_low,2003Q2,,2003Q2,,2003Q2,,,
EPS,2003Q2,Wall_St.,2003Q2,,2003Q2,0.35,2003Q2,0.4,,
EPS,2003Q3,Actuals,2003Q3,,2003Q3,0.41,2003Q3,0.53,,
EPS,2003Q3,E_high,2003Q3,,2003Q3,,2003Q3,,,
EPS,2003Q3,E_low,2003Q3,,2003Q3,,2003Q3,,,
EPS,2003Q3,E_mean,2003Q3,,2003Q3,,2003Q3,,,
EPS,2003Q3,Estimize,2003Q3,,2003Q3,,2003Q3,,,
EPS,2003Q3,W_high,2003Q3,,2003Q3,,2003Q3,,,
EPS,2003Q3,W_low,2003Q3,,2003Q3,,2003Q3,,,
EPS,2003Q3,Wall_St.,2003Q3,,2003Q3,0.41,2003Q3,0.52,,
EPS,2003Q4,Actuals,2003Q4,,2003Q4,0.3,2003Q4,0.34,,
EPS,2003Q4,E_high,2003Q4,,2003Q4,,2003Q4,,,
EPS,2003Q4,E_low,2003Q4,,2003Q4,,2003Q4,,,
EPS,2003Q4,E_mean,2003Q4,,2003Q4,,2003Q4,,,
EPS,2003Q4,Estimize,2003Q4,,2003Q4,,2003Q4,,,
EPS,2003Q4,W_high,2003Q4,,2003Q4,,2003Q4,,,
EPS,2003Q4,W_low,2003Q4,,2003Q4,,2003Q4,,,
EPS,2003Q4,Wall_St.,2003Q4,,2003Q4,0.28,2003Q4,0.34,,
EPS,2004Q1,Actuals,2004Q1,,2004Q1,0.45,2004Q1,0.33,,
EPS,2004Q1,E_high,2004Q1,,2004Q1,,2004Q1,,,
EPS,2004Q1,E_low,2004Q1,,2004Q1,,2004Q1,,,
EPS,2004Q1,E_mean,2004Q1,,2004Q1,,2004Q1,,,
EPS,2004Q1,Estimize,2004Q1,,2004Q1,,2004Q1,,,
EPS,2004Q1,W_high,2004Q1,,2004Q1,,2004Q1,,,
EPS,2004Q1,W_low,2004Q1,,2004Q1,,2004Q1,,,
EPS,2004Q1,Wall_St.,2004Q1,,2004Q1,0.44,2004Q1,0.28,,
EPS,2004Q2,Actuals,2004Q2,,2004Q2,0.47,2004Q2,0.47,,
EPS,2004Q2,E_high,2004Q2,,2004Q2,,2004Q2,,,
EPS,2004Q2,E_low,2004Q2,,2004Q2,,2004Q2,,,
EPS,2004Q2,E_mean,2004Q2,,2004Q2,,2004Q2,,,
EPS,2004Q2,Estimize,2004Q2,,2004Q2,,2004Q2,,,
EPS,2004Q2,W_high,2004Q2,,2004Q2,,2004Q2,,,
EPS,2004Q2,W_low,2004Q2,,2004Q2,,2004Q2,,,
EPS,2004Q2,Wall_St.,2004Q2,,2004Q2,0.46,2004Q2,0.47,,
EPS,2004Q3,Actuals,2004Q3,,2004Q3,0.45,2004Q3,0.4,,
EPS,2004Q3,E_high,2004Q3,,2004Q3,,2004Q3,,,
EPS,2004Q3,E_low,2004Q3,,2004Q3,,2004Q3,,,
EPS,2004Q3,E_mean,2004Q3,,2004Q3,,2004Q3,,,
EPS,2004Q3,Estimize,2004Q3,,2004Q3,,2004Q3,,,
EPS,2004Q3,W_high,2004Q3,,2004Q3,,2004Q3,,,
EPS,2004Q3,W_low,2004Q3,,2004Q3,,2004Q3,,,
EPS,2004Q3,Wall_St.,2004Q3,,2004Q3,0.45,2004Q3,0.4,,
EPS,2004Q4,Actuals,2004Q4,,2004Q4,0.31,2004Q4,0.42,,
EPS,2004Q4,E_high,2004Q4,,2004Q4,,2004Q4,,,
EPS,2004Q4,E_low,2004Q4,,2004Q4,,2004Q4,,,
EPS,2004Q4,E_mean,2004Q4,,2004Q4,,2004Q4,,,
EPS,2004Q4,Estimize,2004Q4,,2004Q4,,2004Q4,,,
EPS,2004Q4,W_high,2004Q4,,2004Q4,,2004Q4,,,
EPS,2004Q4,W_low,2004Q4,,2004Q4,,2004Q4,,,
EPS,2004Q4,Wall_St.,2004Q4,,2004Q4,0.3,2004Q4,0.42,,
EPS,2005Q1,Actuals,2005Q1,,2005Q1,0.63,2005Q1,0.36,,
EPS,2005Q1,E_high,2005Q1,,2005Q1,,2005Q1,,,
EPS,2005Q1,E_low,2005Q1,,2005Q1,,2005Q1,,,
EPS,2005Q1,E_mean,2005Q1,,2005Q1,,2005Q1,,,
EPS,2005Q1,Estimize,2005Q1,,2005Q1,,2005Q1,,,
EPS,2005Q1,W_high,2005Q1,,2005Q1,,2005Q1,,,
EPS,2005Q1,W_low,2005Q1,,2005Q1,,2005Q1,,,
EPS,2005Q1,Wall_St.,2005Q1,,2005Q1,0.58,2005Q1,0.36,,
EPS,2005Q2,Actuals,2005Q2,,2005Q2,0.6,2005Q2,0.56,,
EPS,2005Q2,E_high,2005Q2,,2005Q2,,2005Q2,,,
EPS,2005Q2,E_low,2005Q2,,2005Q2,,2005Q2,,,
EPS,2005Q2,E_mean,2005Q2,,2005Q2,,2005Q2,,,
EPS,2005Q2,Estimize,2005Q2,,2005Q2,,2005Q2,,,
EPS,2005Q2,W_high,2005Q2,,2005Q2,,2005Q2,,,
EPS,2005Q2,W_low,2005Q2,,2005Q2,,2005Q2,,,
EPS,2005Q2,Wall_St.,2005Q2,,2005Q2,0.58,2005Q2,0.5,,
EPS,2005Q3,Actuals,2005Q3,,2005Q3,0.55,2005Q3,0.54,,
EPS,2005Q3,E_high,2005Q3,,2005Q3,,2005Q3,,,
EPS,2005Q3,E_low,2005Q3,,2005Q3,,2005Q3,,,
EPS,2005Q3,E_mean,2005Q3,,2005Q3,,2005Q3,,,
EPS,2005Q3,Estimize,2005Q3,,2005Q3,,2005Q3,,,
EPS,2005Q3,W_high,2005Q3,,2005Q3,,2005Q3,,,
EPS,2005Q3,W_low,2005Q3,,2005Q3,,2005Q3,,,
EPS,2005Q3,Wall_St.,2005Q3,,2005Q3,0.55,2005Q3,0.48,,
EPS,2005Q4,Actuals,2005Q4,,2005Q4,0.36,2005Q4,0.37,,
EPS,2005Q4,E_high,2005Q4,,2005Q4,,2005Q4,,,
EPS,2005Q4,E_low,2005Q4,,2005Q4,,2005Q4,,,
EPS,2005Q4,E_mean,2005Q4,,2005Q4,,2005Q4,,,
EPS,2005Q4,Estimize,2005Q4,,2005Q4,,2005Q4,,,
EPS,2005Q4,W_high,2005Q4,,2005Q4,,2005Q4,,,
EPS,2005Q4,W_low,2005Q4,,2005Q4,,2005Q4,,,
EPS,2005Q4,Wall_St.,2005Q4,,2005Q4,0.36,2005Q4,0.32,,
EPS,2006Q1,Actuals,2006Q1,,2006Q1,0.68,2006Q1,0.37,,
EPS,2006Q1,E_high,2006Q1,,2006Q1,,2006Q1,,,
EPS,2006Q1,E_low,2006Q1,,2006Q1,,2006Q1,,,
EPS,2006Q1,E_mean,2006Q1,,2006Q1,,2006Q1,,,
EPS,2006Q1,Estimize,2006Q1,,2006Q1,,2006Q1,,,
EPS,2006Q1,W_high,2006Q1,,2006Q1,,2006Q1,,,
EPS,2006Q1,W_low,2006Q1,,2006Q1,,2006Q1,,,
EPS,2006Q1,Wall_St.,2006Q1,,2006Q1,0.7,2006Q1,0.36,,
EPS,2006Q2,Actuals,2006Q2,,2006Q2,0.59,2006Q2,0.54,,
EPS,2006Q2,E_high,2006Q2,,2006Q2,,2006Q2,,,
EPS,2006Q2,E_low,2006Q2,,2006Q2,,2006Q2,,,
EPS,2006Q2,E_mean,2006Q2,,2006Q2,,2006Q2,,,
EPS,2006Q2,Estimize,2006Q2,,2006Q2,,2006Q2,,,
EPS,2006Q2,W_high,2006Q2,,2006Q2,,2006Q2,,,
EPS,2006Q2,W_low,2006Q2,,2006Q2,,2006Q2,,,
EPS,2006Q2,Wall_St.,2006Q2,,2006Q2,0.58,2006Q2,0.54,,
EPS,2006Q3,Actuals,2006Q3,,2006Q3,0.55,2006Q3,0.54,,
EPS,2006Q3,E_high,2006Q3,,2006Q3,,2006Q3,,,
EPS,2006Q3,E_low,2006Q3,,2006Q3,,2006Q3,,,
EPS,2006Q3,E_mean,2006Q3,,2006Q3,,2006Q3,,,
EPS,2006Q3,Estimize,2006Q3,,2006Q3,,2006Q3,,,
EPS,2006Q3,W_high,2006Q3,,2006Q3,,2006Q3,,,
EPS,2006Q3,W_low,2006Q3,,2006Q3,,2006Q3,,,
EPS,2006Q3,Wall_St.,2006Q3,,2006Q3,0.53,2006Q3,0.54,,
EPS,2006Q4,Actuals,2006Q4,,2006Q4,0.33,2006Q4,0.42,,
EPS,2006Q4,E_high,2006Q4,,2006Q4,,2006Q4,,,
EPS,2006Q4,E_low,2006Q4,,2006Q4,,2006Q4,,,
EPS,2006Q4,E_mean,2006Q4,,2006Q4,,2006Q4,,,
EPS,2006Q4,Estimize,2006Q4,,2006Q4,,2006Q4,,,
EPS,2006Q4,W_high,2006Q4,,2006Q4,,2006Q4,,,
EPS,2006Q4,W_low,2006Q4,,2006Q4,,2006Q4,,,
EPS,2006Q4,Wall_St.,2006Q4,,2006Q4,0.34,2006Q4,0.38,,
EPS,2007Q1,Actuals,2007Q1,,2007Q1,0.71,2007Q1,0.45,,
EPS,2007Q1,E_high,2007Q1,,2007Q1,,2007Q1,,,
EPS,2007Q1,E_low,2007Q1,,2007Q1,,2007Q1,,,
EPS,2007Q1,E_mean,2007Q1,,2007Q1,,2007Q1,,,
EPS,2007Q1,Estimize,2007Q1,,2007Q1,,2007Q1,,,
EPS,2007Q1,W_high,2007Q1,,2007Q1,,2007Q1,,,
EPS,2007Q1,W_low,2007Q1,,2007Q1,,2007Q1,,,
EPS,2007Q1,Wall_St.,2007Q1,,2007Q1,0.71,2007Q1,0.43,,
EPS,2007Q2,Actuals,2007Q2,,2007Q2,0.64,2007Q2,0.66,,
EPS,2007Q2,E_high,2007Q2,,2007Q2,,2007Q2,,,
EPS,2007Q2,E_low,2007Q2,,2007Q2,,2007Q2,,,
EPS,2007Q2,E_mean,2007Q2,,2007Q2,,2007Q2,,,
EPS,2007Q2,Estimize,2007Q2,,2007Q2,,2007Q2,,,
EPS,2007Q2,W_high,2007Q2,,2007Q2,,2007Q2,,,
EPS,2007Q2,W_low,2007Q2,,2007Q2,,2007Q2,,,
EPS,2007Q2,Wall_St.,2007Q2,,2007Q2,0.66,2007Q2,0.64,,
EPS,2007Q3,Actuals,2007Q3,0.17,2007Q3,0.61,2007Q3,0.54,,
EPS,2007Q3,E_high,2007Q3,,2007Q3,,2007Q3,,,
EPS,2007Q3,E_low,2007Q3,,2007Q3,,2007Q3,,,
EPS,2007Q3,E_mean,2007Q3,,2007Q3,,2007Q3,,,
EPS,2007Q3,Estimize,2007Q3,,2007Q3,,2007Q3,,,
EPS,2007Q3,W_high,2007Q3,,2007Q3,,2007Q3,,,
EPS,2007Q3,W_low,2007Q3,,2007Q3,,2007Q3,,,
EPS,2007Q3,Wall_St.,2007Q3,,2007Q3,0.58,2007Q3,0.63,,
EPS,2007Q4,Actuals,2007Q4,0.17,2007Q4,0.35,2007Q4,0.38,,
EPS,2007Q4,E_high,2007Q4,,2007Q4,,2007Q4,,,
EPS,2007Q4,E_low,2007Q4,,2007Q4,,2007Q4,,,
EPS,2007Q4,E_mean,2007Q4,,2007Q4,,2007Q4,,,
EPS,2007Q4,Estimize,2007Q4,,2007Q4,,2007Q4,,,
EPS,2007Q4,W_high,2007Q4,,2007Q4,,2007Q4,,,
EPS,2007Q4,W_low,2007Q4,,2007Q4,,2007Q4,,,
EPS,2007Q4,Wall_St.,2007Q4,,2007Q4,0.38,2007Q4,0.43,,
EPS,2008Q1,Actuals,2008Q1,0.28,2008Q1,0.86,2008Q1,0.32,,
EPS,2008Q1,E_high,2008Q1,,2008Q1,,2008Q1,,,
EPS,2008Q1,E_low,2008Q1,,2008Q1,,2008Q1,,,
EPS,2008Q1,E_mean,2008Q1,,2008Q1,,2008Q1,,,
EPS,2008Q1,Estimize,2008Q1,,2008Q1,,2008Q1,,,
EPS,2008Q1,W_high,2008Q1,,2008Q1,,2008Q1,,,
EPS,2008Q1,W_low,2008Q1,,2008Q1,,2008Q1,,,
EPS,2008Q1,Wall_St.,2008Q1,,2008Q1,0.77,2008Q1,0.38,,
EPS,2008Q2,Actuals,2008Q2,0.27,2008Q2,0.78,2008Q2,0.32,,
EPS,2008Q2,E_high,2008Q2,,2008Q2,,2008Q2,,,
EPS,2008Q2,E_low,2008Q2,,2008Q2,,2008Q2,,,
EPS,2008Q2,E_mean,2008Q2,,2008Q2,,2008Q2,,,
EPS,2008Q2,Estimize,2008Q2,,2008Q2,,2008Q2,,,
EPS,2008Q2,W_high,2008Q2,,2008Q2,,2008Q2,,,
EPS,2008Q2,W_low,2008Q2,,2008Q2,,2008Q2,,,
EPS,2008Q2,Wall_St.,2008Q2,,2008Q2,0.72,2008Q2,0.48,,
EPS,2008Q3,Actuals,2008Q3,0.25,2008Q3,0.58,2008Q3,0.32,,
EPS,2008Q3,E_high,2008Q3,,2008Q3,,2008Q3,,,
EPS,2008Q3,E_low,2008Q3,,2008Q3,,2008Q3,,,
EPS,2008Q3,E_mean,2008Q3,,2008Q3,,2008Q3,,,
EPS,2008Q3,Estimize,2008Q3,,2008Q3,,2008Q3,,,
EPS,2008Q3,W_high,2008Q3,,2008Q3,,2008Q3,,,
EPS,2008Q3,W_low,2008Q3,,2008Q3,,2008Q3,,,
EPS,2008Q3,Wall_St.,2008Q3,,2008Q3,0.57,2008Q3,0.26,,
EPS,2008Q4,Actuals,2008Q4,0.26,2008Q4,0.51,2008Q4,-0.07,,
EPS,2008Q4,E_high,2008Q4,,2008Q4,,2008Q4,,,
EPS,2008Q4,E_low,2008Q4,,2008Q4,,2008Q4,,,
EPS,2008Q4,E_mean,2008Q4,,2008Q4,,2008Q4,,,
EPS,2008Q4,Estimize,2008Q4,,2008Q4,,2008Q4,,,
EPS,2008Q4,W_high,2008Q4,,2008Q4,,2008Q4,,,
EPS,2008Q4,W_low,2008Q4,,2008Q4,,2008Q4,,,
EPS,2008Q4,Wall_St.,2008Q4,,2008Q4,0.37,2008Q4,0.0,,
EPS,2009Q1,Actuals,2009Q1,0.43,2009Q1,1.02,2009Q1,0.09,,
EPS,2009Q1,E_high,2009Q1,,2009Q1,,2009Q1,,,
EPS,2009Q1,E_low,2009Q1,,2009Q1,,2009Q1,,,
EPS,2009Q1,E_mean,2009Q1,,2009Q1,,2009Q1,,,
EPS,2009Q1,Estimize,2009Q1,,2009Q1,,2009Q1,,,
EPS,2009Q1,W_high,2009Q1,,2009Q1,,2009Q1,,,
EPS,2009Q1,W_low,2009Q1,,2009Q1,,2009Q1,,,
EPS,2009Q1,Wall_St.,2009Q1,,2009Q1,0.92,2009Q1,0.02,,
EPS,2009Q2,Actuals,2009Q2,0.34,2009Q2,0.89,2009Q2,0.24,,
EPS,2009Q2,E_high,2009Q2,,2009Q2,,2009Q2,,,
EPS,2009Q2,E_low,2009Q2,,2009Q2,,2009Q2,,,
EPS,2009Q2,E_mean,2009Q2,,2009Q2,,2009Q2,,,
EPS,2009Q2,Estimize,2009Q2,,2009Q2,,2009Q2,,,
EPS,2009Q2,W_high,2009Q2,,2009Q2,,2009Q2,,,
EPS,2009Q2,W_low,2009Q2,,2009Q2,,2009Q2,,,
EPS,2009Q2,Wall_St.,2009Q2,,2009Q2,0.84,2009Q2,0.14,,
EPS,2009Q3,Actuals,2009Q3,0.27,2009Q3,0.69,2009Q3,0.32,,
EPS,2009Q3,E_high,2009Q3,,2009Q3,,2009Q3,,,
EPS,2009Q3,E_low,2009Q3,,2009Q3,,2009Q3,,,
EPS,2009Q3,E_mean,2009Q3,,2009Q3,,2009Q3,,,
EPS,2009Q3,Estimize,2009Q3,,2009Q3,,2009Q3,,,
EPS,2009Q3,W_high,2009Q3,,2009Q3,,2009Q3,,,
EPS,2009Q3,W_low,2009Q3,,2009Q3,,2009Q3,,,
EPS,2009Q3,Wall_St.,2009Q3,,2009Q3,0.66,2009Q3,0.31,,
EPS,2009Q4,Actuals,2009Q4,0.31,2009Q4,0.39,2009Q4,0.21,,
EPS,2009Q4,E_high,2009Q4,,2009Q4,,2009Q4,,,
EPS,2009Q4,E_low,2009Q4,,2009Q4,,2009Q4,,,
EPS,2009Q4,E_mean,2009Q4,,2009Q4,,2009Q4,,,
EPS,2009Q4,Estimize,2009Q4,,2009Q4,,2009Q4,,,
EPS,2009Q4,W_high,2009Q4,,2009Q4,,2009Q4,,,
EPS,2009Q4,W_low,2009Q4,,2009Q4,,2009Q4,,,
EPS,2009Q4,Wall_St.,2009Q4,,2009Q4,0.45,2009Q4,0.16,,
EPS,2010Q1,Actuals,2010Q1,0.45,2010Q1,1.19,2010Q1,0.27,,
EPS,2010Q1,E_high,2010Q1,,2010Q1,,2010Q1,,,
EPS,2010Q1,E_low,2010Q1,,2010Q1,,2010Q1,,,
EPS,2010Q1,E_mean,2010Q1,,2010Q1,,2010Q1,,,
EPS,2010Q1,Estimize,2010Q1,,2010Q1,,2010Q1,,,
EPS,2010Q1,W_high,2010Q1,,2010Q1,,2010Q1,,,
EPS,2010Q1,W_low,2010Q1,,2010Q1,,2010Q1,,,
EPS,2010Q1,Wall_St.,2010Q1,0.44,2010Q1,1.0,2010Q1,0.04,,
EPS,2010Q2,Actuals,2010Q2,0.35,2010Q2,1.16,2010Q2,0.4,2010Q2,0.85
EPS,2010Q2,E_high,2010Q2,,2010Q2,,2010Q2,,2010Q2,
EPS,2010Q2,E_low,2010Q2,,2010Q2,,2010Q2,,2010Q2,
EPS,2010Q2,E_mean,2010Q2,,2010Q2,,2010Q2,,2010Q2,
EPS,2010Q2,Estimize,2010Q2,,2010Q2,,2010Q2,,2010Q2,
EPS,2010Q2,W_high,2010Q2,,2010Q2,,2010Q2,,2010Q2,
EPS,2010Q2,W_low,2010Q2,,2010Q2,,2010Q2,,2010Q2,
EPS,2010Q2,Wall_St.,2010Q2,0.37,2010Q2,1.03,2010Q2,-0.02,2010Q2,0.0
EPS,2010Q3,Actuals,2010Q3,0.32,2010Q3,1.03,2010Q3,0.39,2010Q3,1.2
EPS,2010Q3,E_high,2010Q3,,2010Q3,,2010Q3,,2010Q3,
EPS,2010Q3,E_low,2010Q3,,2010Q3,,2010Q3,,2010Q3,
EPS,2010Q3,E_mean,2010Q3,,2010Q3,,2010Q3,,2010Q3,
EPS,2010Q3,Estimize,2010Q3,,2010Q3,,2010Q3,,2010Q3,
EPS,2010Q3,W_high,2010Q3,,2010Q3,,2010Q3,,2010Q3,
EPS,2010Q3,W_low,2010Q3,,2010Q3,,2010Q3,,2010Q3,
EPS,2010Q3,Wall_St.,2010Q3,0.3,2010Q3,0.93,2010Q3,-0.34,2010Q3,
EPS,2010Q4,Actuals,2010Q4,0.38,2010Q4,0.57,2010Q4,0.37,2010Q4,0.52
EPS,2010Q4,E_high,2010Q4,,2010Q4,,2010Q4,,2010Q4,
EPS,2010Q4,E_low,2010Q4,,2010Q4,,2010Q4,,2010Q4,
EPS,2010Q4,E_mean,2010Q4,,2010Q4,,2010Q4,,2010Q4,
EPS,2010Q4,Estimize,2010Q4,,2010Q4,,2010Q4,,2010Q4,
EPS,2010Q4,W_high,2010Q4,,2010Q4,,2010Q4,,2010Q4,
EPS,2010Q4,W_low,2010Q4,,2010Q4,,2010Q4,,2010Q4,
EPS,2010Q4,Wall_St.,2010Q4,0.34,2010Q4,0.54,2010Q4,-0.38,2010Q4,0.52
EPS,2011Q1,Actuals,2011Q1,0.55,2011Q1,1.35,2011Q1,0.41,2011Q1,0.95
EPS,2011Q1,E_high,2011Q1,,2011Q1,,2011Q1,,2011Q1,
EPS,2011Q1,E_low,2011Q1,,2011Q1,,2011Q1,,2011Q1,
EPS,2011Q1,E_mean,2011Q1,,2011Q1,,2011Q1,,2011Q1,
EPS,2011Q1,Estimize,2011Q1,,2011Q1,,2011Q1,,2011Q1,
EPS,2011Q1,W_high,2011Q1,,2011Q1,,2011Q1,,2011Q1,
EPS,2011Q1,W_low,2011Q1,,2011Q1,,2011Q1,,2011Q1,
EPS,2011Q1,Wall_St.,2011Q1,0.51,2011Q1,1.38,2011Q1,-0.37,2011Q1,0.91
EPS,2011Q2,Actuals,2011Q2,0.41,2011Q2,1.46,2011Q2,0.41,2011Q2,1.54
EPS,2011Q2,E_high,2011Q2,,2011Q2,,2011Q2,,2011Q2,
EPS,2011Q2,E_low,2011Q2,,2011Q2,,2011Q2,,2011Q2,
EPS,2011Q2,E_mean,2011Q2,,2011Q2,,2011Q2,,2011Q2,
EPS,2011Q2,Estimize,2011Q2,,2011Q2,,2011Q2,,2011Q2,
EPS,2011Q2,W_high,2011Q2,,2011Q2,,2011Q2,,2011Q2,
EPS,2011Q2,W_low,2011Q2,,2011Q2,,2011Q2,,2011Q2,
EPS,2011Q2,Wall_St.,2011Q2,0.41,2011Q2,1.38,2011Q2,-0.4,2011Q2,1.2
EPS,2011Q3,Actuals,2011Q3,0.36,2011Q3,1.41,2011Q3,0.42,2011Q3,1.03
EPS,2011Q3,E_high,2011Q3,,2011Q3,,2011Q3,,2011Q3,
EPS,2011Q3,E_low,2011Q3,,2011Q3,,2011Q3,,2011Q3,
EPS,2011Q3,E_mean,2011Q3,,2011Q3,,2011Q3,,2011Q3,
EPS,2011Q3,Estimize,2011Q3,,2011Q3,,2011Q3,,2011Q3,
EPS,2011Q3,W_high,2011Q3,,2011Q3,,2011Q3,,2011Q3,
EPS,2011Q3,W_low,2011Q3,,2011Q3,,2011Q3,,2011Q3,
EPS,2011Q3,Wall_St.,2011Q3,0.38,2011Q3,1.18,2011Q3,-0.46,2011Q3,0.94
EPS,2011Q4,Actuals,2011Q4,0.43,2011Q4,0.9,2011Q4,0.54,2011Q4,0.39
EPS,2011Q4,E_high,2011Q4,,2011Q4,,2011Q4,,2011Q4,
EPS,2011Q4,E_low,2011Q4,,2011Q4,,2011Q4,,2011Q4,
EPS,2011Q4,E_mean,2011Q4,,2011Q4,,2011Q4,,2011Q4,
EPS,2011Q4,Estimize,2011Q4,,2011Q4,,2011Q4,,2011Q4,
EPS,2011Q4,W_high,2011Q4,,2011Q4,,2011Q4,,2011Q4,
EPS,2011Q4,W_low,2011Q4,,2011Q4,,2011Q4,,2011Q4,
EPS,2011Q4,Wall_St.,2011Q4,0.43,2011Q4,0.74,2011Q4,0.43,2011Q4,0.42
EPS,2012Q1,Actuals,2012Q1,0.64,2012Q1,1.79,2012Q1,0.61,2012Q1,0.93
EPS,2012Q1,E_high,2012Q1,,2012Q1,,2012Q1,,2012Q1,
EPS,2012Q1,E_low,2012Q1,,2012Q1,,2012Q1,,2012Q1,
EPS,2012Q1,E_mean,2012Q1,,2012Q1,,2012Q1,,2012Q1,
EPS,2012Q1,Estimize,2012Q1,,2012Q1,,2012Q1,,2012Q1,
EPS,2012Q1,W_high,2012Q1,,2012Q1,,2012Q1,,2012Q1,
EPS,2012Q1,W_low,2012Q1,,2012Q1,,2012Q1,,2012Q1,
EPS,2012Q1,Wall_St.,2012Q1,0.6,2012Q1,1.84,2012Q1,0.49,2012Q1,0.84
EPS,2012Q2,Actuals,2012Q2,0.47,2012Q2,1.34,2012Q2,0.61,2012Q2,0.9
EPS,2012Q2,E_high,2012Q2,,2012Q2,1.52,2012Q2,,2012Q2,
EPS,2012Q2,E_low,2012Q2,,2012Q2,1.38,2012Q2,,2012Q2,
EPS,2012Q2,E_mean,2012Q2,,2012Q2,1.45,2012Q2,,2012Q2,
EPS,2012Q2,Estimize,2012Q2,,2012Q2,1.43,2012Q2,,2012Q2,
EPS,2012Q2,W_high,2012Q2,,2012Q2,,2012Q2,,2012Q2,
EPS,2012Q2,W_low,2012Q2,,2012Q2,,2012Q2,,2012Q2,
EPS,2012Q2,Wall_St.,2012Q2,0.47,2012Q2,1.4,2012Q2,0.64,2012Q2,0.75
EPS,2012Q3,Actuals,2012Q3,0.46,2012Q3,1.21,2012Q3,0.72,2012Q3,0.93
EPS,2012Q3,E_high,2012Q3,,2012Q3,1.4,2012Q3,,2012Q3,
EPS,2012Q3,E_low,2012Q3,,2012Q3,1.22,2012Q3,,2012Q3,
EPS,2012Q3,E_mean,2012Q3,,2012Q3,1.3,2012Q3,,2012Q3,
EPS,2012Q3,Estimize,2012Q3,,2012Q3,1.28,2012Q3,,2012Q3,
EPS,2012Q3,W_high,2012Q3,,2012Q3,,2012Q3,,2012Q3,
EPS,2012Q3,W_low,2012Q3,,2012Q3,,2012Q3,,2012Q3,
EPS,2012Q3,Wall_St.,2012Q3,0.43,2012Q3,1.21,2012Q3,0.64,2012Q3,0.61
EPS,2012Q4,Actuals,2012Q4,0.48,2012Q4,0.88,2012Q4,0.72,2012Q4,0.48
EPS,2012Q4,E_high,2012Q4,0.52,2012Q4,0.82,2012Q4,,2012Q4,0.95
EPS,2012Q4,E_low,2012Q4,0.5,2012Q4,0.76,2012Q4,,2012Q4,0.51
EPS,2012Q4,E_mean,2012Q4,0.51,2012Q4,0.78,2012Q4,,2012Q4,0.65
EPS,2012Q4,Estimize,2012Q4,0.51,2012Q4,0.77,2012Q4,,2012Q4,0.67
EPS,2012Q4,W_high,2012Q4,0.52,2012Q4,0.8,2012Q4,0.73,2012Q4,0.76
EPS,2012Q4,W_low,2012Q4,0.48,2012Q4,0.69,2012Q4,0.6,2012Q4,0.36
EPS,2012Q4,Wall_St.,2012Q4,0.5,2012Q4,0.76,2012Q4,0.65,2012Q4,0.5
EPS,2013Q1,Actuals,2013Q1,0.67,2013Q1,1.65,2013Q1,0.77,2013Q1,0.67
EPS,2013Q1,E_high,2013Q1,,2013Q1,1.75,2013Q1,,2013Q1,0.73
EPS,2013Q1,E_low,2013Q1,,2013Q1,1.59,2013Q1,,2013Q1,0.56
EPS,2013Q1,E_mean,2013Q1,,2013Q1,1.66,2013Q1,,2013Q1,0.62
EPS,2013Q1,Estimize,2013Q1,,2013Q1,1.62,2013Q1,,2013Q1,0.6
EPS,2013Q1,G_high,2013Q1,0.74,,,,,,
EPS,2013Q1,G_low,2013Q1,0.7,,,,,,
EPS,2013Q1,Guidance,2013Q1,0.72,,,,,,
EPS,2013Q1,W_high,2013Q1,0.72,2013Q1,1.65,2013Q1,0.71,2013Q1,0.61
EPS,2013Q1,W_low,2013Q1,0.69,2013Q1,1.54,2013Q1,0.64,2013Q1,0.51
EPS,2013Q1,Wall_St.,2013Q1,0.71,2013Q1,1.61,2013Q1,0.67,2013Q1,0.56
EPS,2013Q2,Actuals,2013Q2,0.5,2013Q2,1.59,2013Q2,0.98,2013Q2,0.84
EPS,2013Q2,E_high,2013Q2,0.66,2013Q2,1.51,2013Q2,0.88,2013Q2,0.85
EPS,2013Q2,E_low,2013Q2,0.48,2013Q2,1.47,2013Q2,0.8,2013Q2,0.78
EPS,2013Q2,E_mean,2013Q2,0.55,2013Q2,1.5,2013Q2,0.85,2013Q2,0.81
EPS,2013Q2,Estimize,2013Q2,0.52,2013Q2,1.5,2013Q2,0.86,2013Q2,0.82
EPS,2013Q2,G_high,2013Q2,0.45,,,,,,
EPS,2013Q2,G_low,2013Q2,0.41,,,,,,
EPS,2013Q2,Guidance,2013Q2,0.43,,,,,,
EPS,2013Q2,W_high,2013Q2,0.53,2013Q2,1.53,2013Q2,0.83,2013Q2,0.83
EPS,2013Q2,W_low,2013Q2,0.46,2013Q2,1.44,2013Q2,0.78,2013Q2,0.6
EPS,2013Q2,Wall_St.,2013Q2,0.5,2013Q2,1.48,2013Q2,0.81,2013Q2,0.76
EPS,2013Q3,Actuals,2013Q3,0.4,2013Q3,1.42,2013Q3,0.91,2013Q3,0.96
EPS,2013Q3,E_high,2013Q3,,2013Q3,1.54,2013Q3,,2013Q3,1.02
EPS,2013Q3,E_low,2013Q3,,2013Q3,1.32,2013Q3,,2013Q3,0.85
EPS,2013Q3,E_mean,2013Q3,,2013Q3,1.45,2013Q3,,2013Q3,0.93
EPS,2013Q3,Estimize,2013Q3,,2013Q3,1.46,2013Q3,,2013Q3,0.94
EPS,2013Q3,G_high,2013Q3,0.41,,,,,,
EPS,2013Q3,G_low,2013Q3,0.37,,,,,,
EPS,2013Q3,Guidance,2013Q3,0.39,,,,,,
EPS,2013Q3,W_high,2013Q3,0.41,2013Q3,1.48,2013Q3,0.93,2013Q3,0.96
EPS,2013Q3,W_low,2013Q3,0.39,2013Q3,1.32,2013Q3,0.8,2013Q3,0.83
EPS,2013Q3,Wall_St.,2013Q3,0.4,2013Q3,1.42,2013Q3,0.86,2013Q3,0.91
EPS,2013Q4,Actuals,2013Q4,0.3,2013Q4,0.94,2013Q4,0.88,2013Q4,0.67
EPS,2013Q4,E_high,2013Q4,0.29,2013Q4,0.9,2013Q4,,2013Q4,0.93
EPS,2013Q4,E_low,2013Q4,0.28,2013Q4,0.79,2013Q4,,2013Q4,0.83
EPS,2013Q4,E_mean,2013Q4,0.29,2013Q4,0.83,2013Q4,,2013Q4,0.9
EPS,2013Q4,Estimize,2013Q4,0.28,2013Q4,0.8,2013Q4,,2013Q4,0.9
EPS,2013Q4,G_high,2013Q4,0.31,,,,,,
EPS,2013Q4,G_low,2013Q4,0.27,,,,,,
EPS,2013Q4,Guidance,2013Q4,0.29,,,,,,
EPS,2013Q4,W_high,2013Q4,0.31,2013Q4,0.81,2013Q4,0.87,2013Q4,0.99
EPS,2013Q4,W_low,2013Q4,0.29,2013Q4,0.69,2013Q4,0.78,2013Q4,0.77
EPS,2013Q4,Wall_St.,2013Q4,0.29,2013Q4,0.77,2013Q4,0.83,2013Q4,0.88
EPS,2014Q1,Actuals,2014Q1,0.53,2014Q1,2.25,2014Q1,1.03,2014Q1,0.29
EPS,2014Q1,E_high,2014Q1,,2014Q1,2.24,2014Q1,,2014Q1,0.8
EPS,2014Q1,E_low,2014Q1,,2014Q1,2.16,2014Q1,,2014Q1,0.36
EPS,2014Q1,E_mean,2014Q1,,2014Q1,2.18,2014Q1,,2014Q1,0.52
EPS,2014Q1,Estimize,2014Q1,,2014Q1,2.19,2014Q1,,2014Q1,0.42
EPS,2014Q1,G_high,2014Q1,0.54,,,,,,
EPS,2014Q1,G_low,2014Q1,0.51,,,,,,
EPS,2014Q1,Guidance,2014Q1,0.53,,,,,,
EPS,2014Q1,W_high,2014Q1,0.54,2014Q1,2.26,2014Q1,0.88,2014Q1,0.55
EPS,2014Q1,W_low,2014Q1,0.51,2014Q1,2.04,2014Q1,0.83,2014Q1,0.05
EPS,2014Q1,Wall_St.,2014Q1,0.53,2014Q1,2.16,2014Q1,0.87,2014Q1,0.36
EPS,2014Q2,Actuals,2014Q2,0.37,2014Q2,2.08,2014Q2,1.19,2014Q2,0.58
EPS,2014Q2,E_high,2014Q2,0.37,2014Q2,2.04,2014Q2,1.16,2014Q2,1.18
EPS,2014Q2,E_low,2014Q2,0.35,2014Q2,2.02,2014Q2,1.11,2014Q2,0.67
EPS,2014Q2,E_mean,2014Q2,0.36,2014Q2,2.03,2014Q2,1.13,2014Q2,0.9
EPS,2014Q2,Estimize,2014Q2,0.36,2014Q2,2.03,2014Q2,1.13,2014Q2,0.82
EPS,2014Q2,G_high,2014Q2,0.37,,,,,,
EPS,2014Q2,G_low,2014Q2,0.34,,,,,,
EPS,2014Q2,Guidance,2014Q2,0.36,,,,,,
EPS,2014Q2,W_high,2014Q2,0.43,2014Q2,2.15,2014Q2,1.21,2014Q2,1.07
EPS,2014Q2,W_low,2014Q2,0.35,2014Q2,1.73,2014Q2,1.0,2014Q2,0.51
EPS,2014Q2,Wall_St.,2014Q2,0.37,2014Q2,2.01,2014Q2,1.1,2014Q2,0.78
EPS,2014Q3,Actuals,2014Q3,0.39,2014Q3,1.89,2014Q3,1.08,2014Q3,0.97
EPS,2014Q3,E_high,2014Q3,0.39,2014Q3,1.96,2014Q3,1.18,2014Q3,1.2
EPS,2014Q3,E_low,2014Q3,0.37,2014Q3,1.85,2014Q3,1.04,2014Q3,0.86
EPS,2014Q3,E_mean,2014Q3,0.38,2014Q3,1.9,2014Q3,1.1,2014Q3,1.0
EPS,2014Q3,Estimize,2014Q3,0.38,2014Q3,1.9,2014Q3,1.12,2014Q3,0.98
EPS,2014Q3,G_high,2014Q3,0.41,,,,,,
EPS,2014Q3,G_low,2014Q3,0.36,,,,,,
EPS,2014Q3,Guidance,2014Q3,0.39,,,,,,
EPS,2014Q3,W_high,2014Q3,0.39,2014Q3,1.97,2014Q3,1.15,2014Q3,1.07
EPS,2014Q3,W_low,2014Q3,0.36,2014Q3,1.77,2014Q3,1.01,2014Q3,0.88
EPS,2014Q3,Wall_St.,2014Q3,0.38,2014Q3,1.87,2014Q3,1.08,2014Q3,0.95
EPS,2014Q4,Actuals,2014Q4,0.39,2014Q4,1.37,2014Q4,1.05,2014Q4,1.19
EPS,2014Q4,E_high,2014Q4,0.38,2014Q4,1.52,2014Q4,,2014Q4,1.1
EPS,2014Q4,E_low,2014Q4,0.35,2014Q4,1.39,2014Q4,,2014Q4,0.8
EPS,2014Q4,E_mean,2014Q4,0.36,2014Q4,1.48,2014Q4,,2014Q4,0.87
EPS,2014Q4,Estimize,2014Q4,0.37,2014Q4,1.49,2014Q4,,2014Q4,0.87
EPS,2014Q4,G_high,2014Q4,0.39,,,,,,
EPS,2014Q4,G_low,2014Q4,0.34,,,,,,
EPS,2014Q4,Guidance,2014Q4,0.37,,,,,,
EPS,2014Q4,W_high,2014Q4,0.38,2014Q4,1.57,2014Q4,1.06,2014Q4,0.95
EPS,2014Q4,W_low,2014Q4,0.33,2014Q4,1.39,2014Q4,0.98,2014Q4,0.77
EPS,2014Q4,Wall_St.,2014Q4,0.36,2014Q4,1.48,2014Q4,1.01,2014Q4,0.85
EPS,2015Q1,Actuals,2015Q1,0.73,2015Q1,2.39,2015Q1,1.3,2015Q1,0.86
EPS,2015Q1,E_high,2015Q1,0.58,2015Q1,2.55,2015Q1,1.21,2015Q1,1.28
EPS,2015Q1,E_low,2015Q1,0.54,2015Q1,2.48,2015Q1,1.2,2015Q1,0.93
EPS,2015Q1,E_mean,2015Q1,0.56,2015Q1,2.52,2015Q1,1.2,2015Q1,1.05
EPS,2015Q1,Estimize,2015Q1,0.56,2015Q1,2.51,2015Q1,1.2,2015Q1,1.03
EPS,2015Q1,G_high,2015Q1,,,,,,,
EPS,2015Q1,G_low,2015Q1,,,,,,,
EPS,2015Q1,Guidance,2015Q1,,,,,,,
EPS,2015Q1,W_high,2015Q1,0.58,2015Q1,2.68,2015Q1,1.24,2015Q1,1.03
EPS,2015Q1,W_low,2015Q1,0.46,2015Q1,2.37,2015Q1,1.11,2015Q1,0.85
EPS,2015Q1,Wall_St.,2015Q1,0.55,2015Q1,2.5,2015Q1,1.18,2015Q1,0.97
EPS,2015Q2,Actuals,2015Q2,0.61,2015Q2,2.27,2015Q2,1.52,2015Q2,1.29
EPS,2015Q2,E_high,2015Q2,0.5,2015Q2,2.31,2015Q2,1.45,2015Q2,1.24
EPS,2015Q2,E_low,2015Q2,0.43,2015Q2,2.22,2015Q2,1.41,2015Q2,0.94
EPS,2015Q2,E_mean,2015Q2,0.48,2015Q2,2.27,2015Q2,1.43,2015Q2,1.09
EPS,2015Q2,Estimize,2015Q2,0.49,2015Q2,2.27,2015Q2,1.43,2015Q2,1.09
EPS,2015Q2,G_high,2015Q2,,,,,,,
EPS,2015Q2,G_low,2015Q2,,,,,,,
EPS,2015Q2,Guidance,2015Q2,,,,,,,
EPS,2015Q2,W_high,2015Q2,0.5,2015Q2,2.33,2015Q2,1.49,2015Q2,1.13
EPS,2015Q2,W_low,2015Q2,0.43,2015Q2,2.19,2015Q2,1.32,2015Q2,1.02
EPS,2015Q2,Wall_St.,2015Q2,0.45,2015Q2,2.25,2015Q2,1.43,2015Q2,1.08
EPS,2015Q3,Actuals,2015Q3,0.39,2015Q3,1.95,2015Q3,1.43,2015Q3,1.5
EPS,2015Q3,E_high,2015Q3,0.56,2015Q3,2.21,2015Q3,1.43,2015Q3,1.31
EPS,2015Q3,E_low,2015Q3,0.49,2015Q3,2.02,2015Q3,1.4,2015Q3,0.76
EPS,2015Q3,E_mean,2015Q3,0.51,2015Q3,2.08,2015Q3,1.42,2015Q3,1.17
EPS,2015Q3,Estimize,2015Q3,0.51,2015Q3,2.08,2015Q3,1.42,2015Q3,1.18
EPS,2015Q3,G_high,2015Q3,,,,,,,
EPS,2015Q3,G_low,2015Q3,,,,,,,
EPS,2015Q3,Guidance,2015Q3,,,,,,,
EPS,2015Q3,W_high,2015Q3,0.5,2015Q3,2.13,2015Q3,1.49,2015Q3,1.22
EPS,2015Q3,W_low,2015Q3,0.45,2015Q3,2.04,2015Q3,1.31,2015Q3,1.12
EPS,2015Q3,Wall_St.,2015Q3,0.48,2015Q3,2.08,2015Q3,1.41,2015Q3,1.18
EPS,2015Q4,Actuals,2015Q4,0.41,2015Q4,1.22,2015Q4,1.31,2015Q4,1.39
EPS,2015Q4,E_high,2015Q4,0.41,2015Q4,1.26,2015Q4,1.39,2015Q4,1.6
EPS,2015Q4,E_low,2015Q4,0.36,2015Q4,1.15,2015Q4,1.35,2015Q4,1.15
EPS,2015Q4,E_mean,2015Q4,0.39,2015Q4,1.22,2015Q4,1.38,2015Q4,1.28
EPS,2015Q4,Estimize,2015Q4,0.39,2015Q4,1.22,2015Q4,1.38,2015Q4,1.28
EPS,2015Q4,G_high,2015Q4,,,,,,,
EPS,2015Q4,G_low,2015Q4,,,,,,,
EPS,2015Q4,Guidance,2015Q4,,,,,,,
EPS,2015Q4,W_high,2015Q4,0.41,2015Q4,1.27,2015Q4,1.41,2015Q4,1.33
EPS,2015Q4,W_low,2015Q4,0.36,2015Q4,1.16,2015Q4,1.27,2015Q4,1.21
EPS,2015Q4,Wall_St.,2015Q4,0.39,2015Q4,1.21,2015Q4,1.37,2015Q4,1.24
EPS,2016Q1,Actuals,2016Q1,0.71,2016Q1,2.51,2016Q1,1.36,2016Q1,1.26
EPS,2016Q1,E_high,2016Q1,0.78,2016Q1,2.71,2016Q1,1.35,2016Q1,1.12
EPS,2016Q1,E_low,2016Q1,0.71,2016Q1,2.44,2016Q1,1.31,2016Q1,1.0
EPS,2016Q1,E_mean,2016Q1,0.75,2016Q1,2.63,2016Q1,1.33,2016Q1,1.05
EPS,2016Q1,Estimize,2016Q1,0.76,2016Q1,2.62,2016Q1,1.32,2016Q1,1.05
EPS,2016Q1,W_high,2016Q1,0.78,2016Q1,2.75,2016Q1,1.4,2016Q1,1.12
EPS,2016Q1,W_low,2016Q1,0.69,2016Q1,2.45,2016Q1,1.19,2016Q1,0.94
EPS,2016Q1,Wall_St.,2016Q1,0.75,2016Q1,2.61,2016Q1,1.33,2016Q1,1.02
EPS,2016Q2,Actuals,2016Q2,0.59,2016Q2,1.9,2016Q2,1.65,2016Q2,1.86
EPS,2016Q2,E_high,2016Q2,0.6,2016Q2,2.24,2016Q2,1.68,2016Q2,1.89
EPS,2016Q2,E_low,2016Q2,0.54,2016Q2,2.11,2016Q2,1.61,2016Q2,1.4
EPS,2016Q2,E_mean,2016Q2,0.58,2016Q2,2.15,2016Q2,1.65,2016Q2,1.51
EPS,2016Q2,Estimize,2016Q2,0.58,2016Q2,2.16,2016Q2,1.66,2016Q2,1.5
EPS,2016Q2,W_high,2016Q2,0.6,2016Q2,2.19,2016Q2,1.7,2016Q2,1.7
EPS,2016Q2,W_low,2016Q2,0.49,2016Q2,2.07,2016Q2,1.58,2016Q2,1.41
EPS,2016Q2,Wall_St.,2016Q2,0.55,2016Q2,2.13,2016Q2,1.64,2016Q2,1.52
EPS,2016Q3,Actuals,2016Q3,0.5,2016Q3,1.73,2016Q3,1.52,2016Q3,1.72
EPS,2016Q3,E_high,2016Q3,0.49,2016Q3,1.95,2016Q3,1.63,2016Q3,1.76
EPS,2016Q3,E_low,2016Q3,0.44,2016Q3,1.54,2016Q3,1.61,2016Q3,1.37
EPS,2016Q3,E_mean,2016Q3,0.47,2016Q3,1.74,2016Q3,1.62,2016Q3,1.5
EPS,2016Q3,Estimize,2016Q3,0.46,2016Q3,1.73,2016Q3,1.62,2016Q3,1.5
EPS,2016Q3,W_high,2016Q3,0.49,2016Q3,1.85,2016Q3,1.66,2016Q3,1.62
EPS,2016Q3,W_low,2016Q3,0.42,2016Q3,1.65,2016Q3,1.59,2016Q3,1.27
EPS,2016Q3,Wall_St.,2016Q3,0.47,2016Q3,1.72,2016Q3,1.62,2016Q3,1.44
EPS,2016Q4,Actuals,2016Q4,0.5,2016Q4,1.0,2016Q4,1.56,2016Q4,1.28
EPS,2016Q4,E_high,2016Q4,0.51,2016Q4,1.22,2016Q4,1.45,2016Q4,2.0
EPS,2016Q4,E_low,2016Q4,0.4,2016Q4,1.05,2016Q4,1.39,2016Q4,1.02
EPS,2016Q4,E_mean,2016Q4,0.46,2016Q4,1.11,2016Q4,1.43,2016Q4,1.27
EPS,2016Q4,Estimize,2016Q4,0.46,2016Q4,1.1,2016Q4,1.43,2016Q4,1.23
EPS,2016Q4,W_high,2016Q4,0.49,2016Q4,1.13,2016Q4,1.54,2016Q4,1.24
EPS,2016Q4,W_low,2016Q4,0.44,2016Q4,1.05,2016Q4,1.37,2016Q4,1.01
EPS,2016Q4,Wall_St.,2016Q4,0.45,2016Q4,1.09,2016Q4,1.43,2016Q4,1.14
EPS,2017Q1,Actuals,2017Q1,0.8,2017Q1,1.6,2017Q1,1.58,2017Q1,1.7
EPS,2017Q1,E_high,2017Q1,0.73,2017Q1,2.61,2017Q1,1.5,2017Q1,1.71
EPS,2017Q1,E_low,2017Q1,0.64,2017Q1,1.9,2017Q1,1.45,2017Q1,1.08
EPS,2017Q1,E_mean,2017Q1,0.68,2017Q1,2.2,2017Q1,1.47,2017Q1,1.45
EPS,2017Q1,Estimize,2017Q1,0.68,2017Q1,2.1,2017Q1,1.47,2017Q1,1.48
EPS,2017Q1,W_high,2017Q1,0.7,2017Q1,2.34,2017Q1,1.54,2017Q1,1.54
EPS,2017Q1,W_low,2017Q1,0.6,2017Q1,1.99,2017Q1,1.42,2017Q1,1.37
EPS,2017Q1,Wall_St.,2017Q1,0.66,2017Q1,2.12,2017Q1,1.49,2017Q1,1.45
EPS,2017Q2,Actuals,2017Q2,0.68,2017Q2,1.58,2017Q2,1.58,2017Q2,1.89
EPS,2017Q2,E_high,2017Q2,0.65,2017Q2,2.16,2017Q2,1.73,2017Q2,1.91
EPS,2017Q2,E_low,2017Q2,0.56,2017Q2,1.42,2017Q2,1.66,2017Q2,1.32
EPS,2017Q2,E_mean,2017Q2,0.6,2017Q2,1.75,2017Q2,1.7,2017Q2,1.75
EPS,2017Q2,Estimize,2017Q2,0.6,2017Q2,1.61,2017Q2,1.7,2017Q2,1.75
EPS,2017Q2,W_high,2017Q2,0.65,2017Q2,1.77,2017Q2,1.73,2017Q2,1.84
EPS,2017Q2,W_low,2017Q2,0.46,2017Q2,1.45,2017Q2,1.59,2017Q2,1.58
EPS,2017Q2,Wall_St.,2017Q2,0.58,2017Q2,1.65,2017Q2,1.67,2017Q2,1.72
EPS,2017Q3,Actuals,2017Q3,0.5,2017Q3,1.43,2017Q3,1.63,2017Q3,1.32
EPS,2017Q3,E_high,2017Q3,0.6,2017Q3,1.98,2017Q3,1.66,2017Q3,1.77
EPS,2017Q3,E_low,2017Q3,0.54,2017Q3,1.12,2017Q3,1.56,2017Q3,0.9
EPS,2017Q3,E_mean,2017Q3,0.57,2017Q3,1.41,2017Q3,1.59,2017Q3,1.27
EPS,2017Q3,Estimize,2017Q3,0.57,2017Q3,1.22,2017Q3,1.58,2017Q3,1.17
EPS,2017Q3,W_high,2017Q3,0.58,2017Q3,1.32,2017Q3,1.61,2017Q3,1.34
EPS,2017Q3,W_low,2017Q3,0.51,2017Q3,1.1,2017Q3,1.5,2017Q3,0.85
EPS,2017Q3,Wall_St.,2017Q3,0.54,2017Q3,1.2,2017Q3,1.57,2017Q3,1.07
EPS,2017Q4,Actuals,2017Q4,0.65,2017Q4,0.77,2017Q4,1.81,2017Q4,1.65
EPS,2017Q4,E_high,2017Q4,0.59,2017Q4,1.41,2017Q4,1.64,2017Q4,1.55
EPS,2017Q4,E_low,2017Q4,0.53,2017Q4,0.57,2017Q4,1.55,2017Q4,1.12
EPS,2017Q4,E_mean,2017Q4,0.55,2017Q4,0.82,2017Q4,1.61,2017Q4,1.35
EPS,2017Q4,Estimize,2017Q4,0.55,2017Q4,0.66,2017Q4,1.63,2017Q4,1.35
EPS,2017Q4,W_high,2017Q4,0.59,2017Q4,0.77,2017Q4,1.65,2017Q4,1.52
EPS,2017Q4,W_low,2017Q4,0.49,2017Q4,0.59,2017Q4,1.55,2017Q4,1.11
EPS,2017Q4,Wall_St.,2017Q4,0.54,2017Q4,0.64,2017Q4,1.6,2017Q4,1.34
EPS,2018Q1,Actuals,2018Q1,0.81,2018Q1,2.1,2018Q1,1.93,2018Q1,1.43
EPS,2018Q1,E_high,2018Q1,1.02,2018Q1,2.67,2018Q1,1.87,2018Q1,1.77
EPS,2018Q1,E_low,2018Q1,0.91,2018Q1,1.91,2018Q1,1.8,2018Q1,1.21
EPS,2018Q1,E_mean,2018Q1,0.96,2018Q1,2.03,2018Q1,1.85,2018Q1,1.45
EPS,2018Q1,Estimize,2018Q1,0.97,2018Q1,2.0,2018Q1,1.86,2018Q1,1.32
EPS,2018Q1,W_high,2018Q1,1.02,2018Q1,2.06,2018Q1,1.93,2018Q1,1.35
EPS,2018Q1,W_low,2018Q1,0.88,2018Q1,1.91,2018Q1,1.75,2018Q1,1.16
EPS,2018Q1,Wall_St.,2018Q1,0.95,2018Q1,1.98,2018Q1,1.83,2018Q1,1.22
EPS,2018Q2,Actuals,2018Q2,0.84,2018Q2,1.97,2018Q2,2.08,2018Q2,1.81
EPS,2018Q2,E_high,2018Q2,0.86,2018Q2,2.0,2018Q2,1.98,2018Q2,2.17
EPS,2018Q2,E_low,2018Q2,0.76,2018Q2,1.79,2018Q2,1.89,2018Q2,1.51
EPS,2018Q2,E_mean,2018Q2,0.79,2018Q2,1.87,2018Q2,1.95,2018Q2,1.87
EPS,2018Q2,Estimize,2018Q2,0.78,2018Q2,1.88,2018Q2,1.96,2018Q2,1.93
EPS,2018Q2,W_high,2018Q2,0.81,2018Q2,1.92,2018Q2,1.98,2018Q2,1.9
EPS,2018Q2,W_low,2018Q2,0.67,2018Q2,1.8,2018Q2,1.9,2018Q2,1.77
EPS,2018Q2,Wall_St.,2018Q2,0.77,2018Q2,1.85,2018Q2,1.95,2018Q2,1.84
EPS,2018Q3,Actuals,2018Q3,0.69,2018Q3,1.89,2018Q3,2.21,2018Q3,1.87
EPS,2018Q3,E_high,2018Q3,0.78,2018Q3,1.87,2018Q3,1.89,2018Q3,1.89
EPS,2018Q3,E_low,2018Q3,0.65,2018Q3,1.58,2018Q3,1.85,2018Q3,1.21
EPS,2018Q3,E_mean,2018Q3,0.74,2018Q3,1.77,2018Q3,1.87,2018Q3,1.4
EPS,2018Q3,Estimize,2018Q3,0.77,2018Q3,1.79,2018Q3,1.87,2018Q3,1.34
EPS,2018Q3,W_high,2018Q3,0.79,2018Q3,1.81,2018Q3,1.88,2018Q3,1.49
EPS,2018Q3,W_low,2018Q3,0.71,2018Q3,1.74,2018Q3,1.81,2018Q3,1.04
EPS,2018Q3,Wall_St.,2018Q3,0.75,2018Q3,1.77,2018Q3,1.85,2018Q3,1.26
EPS,2018Q4,Actuals,2018Q4,1.02,2018Q4,1.17,2018Q4,2.2,2018Q4,1.43
EPS,2018Q4,E_high,2018Q4,1.08,2018Q4,1.24,2018Q4,2.24,2018Q4,1.86
EPS,2018Q4,E_low,2018Q4,0.81,2018Q4,0.95,2018Q4,1.92,2018Q4,1.06
EPS,2018Q4,E_mean,2018Q4,0.98,2018Q4,1.16,2018Q4,2.08,2018Q4,1.33
EPS,2018Q4,Estimize,2018Q4,1.03,2018Q4,1.19,2018Q4,2.15,2018Q4,1.3
EPS,2018Q4,W_high,2018Q4,1.08,2018Q4,1.21,2018Q4,2.23,2018Q4,1.47
EPS,2018Q4,W_low,2018Q4,0.98,2018Q4,1.08,2018Q4,1.98,2018Q4,1.07
EPS,2018Q4,Wall_St.,2018Q4,1.03,2018Q4,1.14,2018Q4,2.07,2018Q4,1.21
Revenue,2001Q1,Actuals,2001Q1,141.42,2001Q1,729.36,2001Q1,,,
Revenue,2001Q1,E_high,2001Q1,,2001Q1,,2001Q1,,,
Revenue,2001Q1,E_low,2001Q1,,2001Q1,,2001Q1,,,
Revenue,2001Q1,E_mean,2001Q1,,2001Q1,,2001Q1,,,
Revenue,2001Q1,Estimize,2001Q1,,2001Q1,,2001Q1,,,
Revenue,2001Q1,W_high,2001Q1,,2001Q1,,2001Q1,,,
Revenue,2001Q1,W_low,2001Q1,,2001Q1,,2001Q1,,,
Revenue,2001Q1,Wall_St.,2001Q1,140.4,2001Q1,0.0,2001Q1,,,
Revenue,2001Q2,Actuals,2001Q2,132.76,2001Q2,607.5,2001Q2,,,
Revenue,2001Q2,E_high,2001Q2,,2001Q2,,2001Q2,,,
Revenue,2001Q2,E_low,2001Q2,,2001Q2,,2001Q2,,,
Revenue,2001Q2,E_mean,2001Q2,,2001Q2,,2001Q2,,,
Revenue,2001Q2,Estimize,2001Q2,,2001Q2,,2001Q2,,,
Revenue,2001Q2,W_high,2001Q2,,2001Q2,,2001Q2,,,
Revenue,2001Q2,W_low,2001Q2,,2001Q2,,2001Q2,,,
Revenue,2001Q2,Wall_St.,2001Q2,132.7,2001Q2,0.0,2001Q2,,,
Revenue,2001Q3,Actuals,2001Q3,132.52,2001Q3,598.79,2001Q3,,,
Revenue,2001Q3,E_high,2001Q3,,2001Q3,,2001Q3,,,
Revenue,2001Q3,E_low,2001Q3,,2001Q3,,2001Q3,,,
Revenue,2001Q3,E_mean,2001Q3,,2001Q3,,2001Q3,,,
Revenue,2001Q3,Estimize,2001Q3,,2001Q3,,2001Q3,,,
Revenue,2001Q3,W_high,2001Q3,,2001Q3,,2001Q3,,,
Revenue,2001Q3,W_low,2001Q3,,2001Q3,,2001Q3,,,
Revenue,2001Q3,Wall_St.,2001Q3,142.1,2001Q3,0.0,2001Q3,,,
Revenue,2001Q4,Actuals,2001Q4,139.99,2001Q4,582.01,2001Q4,,,
Revenue,2001Q4,E_high,2001Q4,,2001Q4,,2001Q4,,,
Revenue,2001Q4,E_low,2001Q4,,2001Q4,,2001Q4,,,
Revenue,2001Q4,E_mean,2001Q4,,2001Q4,,2001Q4,,,
Revenue,2001Q4,Estimize,2001Q4,,2001Q4,,2001Q4,,,
Revenue,2001Q4,W_high,2001Q4,,2001Q4,,2001Q4,,,
Revenue,2001Q4,W_low,2001Q4,,2001Q4,,2001Q4,,,
Revenue,2001Q4,Wall_St.,2001Q4,137.18,2001Q4,0.0,2001Q4,,,
Revenue,2002Q1,Actuals,2002Q1,156.66,2002Q1,1004.0,2002Q1,1069.0,,
Revenue,2002Q1,E_high,2002Q1,,2002Q1,,2002Q1,,,
Revenue,2002Q1,E_low,2002Q1,,2002Q1,,2002Q1,,,
Revenue,2002Q1,E_mean,2002Q1,,2002Q1,,2002Q1,,,
Revenue,2002Q1,Estimize,2002Q1,,2002Q1,,2002Q1,,,
Revenue,2002Q1,W_high,2002Q1,,2002Q1,,2002Q1,,,
Revenue,2002Q1,W_low,2002Q1,,2002Q1,,2002Q1,,,
Revenue,2002Q1,Wall_St.,2002Q1,147.75,2002Q1,977.0,2002Q1,1097.0,,
Revenue,2002Q2,Actuals,2002Q2,151.16,2002Q2,792.72,2002Q2,1155.0,,
Revenue,2002Q2,E_high,2002Q2,,2002Q2,,2002Q2,,,
Revenue,2002Q2,E_low,2002Q2,,2002Q2,,2002Q2,,,
Revenue,2002Q2,E_mean,2002Q2,,2002Q2,,2002Q2,,,
Revenue,2002Q2,Estimize,2002Q2,,2002Q2,,2002Q2,,,
Revenue,2002Q2,W_high,2002Q2,,2002Q2,,2002Q2,,,
Revenue,2002Q2,W_low,2002Q2,,2002Q2,,2002Q2,,,
Revenue,2002Q2,Wall_St.,2002Q2,148.23,2002Q2,788.6,2002Q2,1175.0,,
Revenue,2002Q3,Actuals,2002Q3,157.84,2002Q3,788.66,2002Q3,,,
Revenue,2002Q3,E_high,2002Q3,,2002Q3,,2002Q3,,,
Revenue,2002Q3,E_low,2002Q3,,2002Q3,,2002Q3,,,
Revenue,2002Q3,E_mean,2002Q3,,2002Q3,,2002Q3,,,
Revenue,2002Q3,Estimize,2002Q3,,2002Q3,,2002Q3,,,
Revenue,2002Q3,W_high,2002Q3,,2002Q3,,2002Q3,,,
Revenue,2002Q3,W_low,2002Q3,,2002Q3,,2002Q3,,,
Revenue,2002Q3,Wall_St.,2002Q3,152.12,2002Q3,796.4,2002Q3,,,
Revenue,2002Q4,Actuals,2002Q4,175.03,2002Q4,702.42,2002Q4,1082.0,,
Revenue,2002Q4,E_high,2002Q4,,2002Q4,,2002Q4,,,
Revenue,2002Q4,E_low,2002Q4,,2002Q4,,2002Q4,,,
Revenue,2002Q4,E_mean,2002Q4,,2002Q4,,2002Q4,,,
Revenue,2002Q4,Estimize,2002Q4,,2002Q4,,2002Q4,,,
Revenue,2002Q4,W_high,2002Q4,,2002Q4,,2002Q4,,,
Revenue,2002Q4,W_low,2002Q4,,2002Q4,,2002Q4,,,
Revenue,2002Q4,Wall_St.,2002Q4,171.01,2002Q4,709.8,2002Q4,0.0,,
Revenue,2003Q1,Actuals,2003Q1,191.26,2003Q1,1034.0,2003Q1,,,
Revenue,2003Q1,E_high,2003Q1,,2003Q1,,2003Q1,,,
Revenue,2003Q1,E_low,2003Q1,,2003Q1,,2003Q1,,,
Revenue,2003Q1,E_mean,2003Q1,,2003Q1,,2003Q1,,,
Revenue,2003Q1,Estimize,2003Q1,,2003Q1,,2003Q1,,,
Revenue,2003Q1,W_high,2003Q1,,2003Q1,,2003Q1,,,
Revenue,2003Q1,W_low,2003Q1,,2003Q1,,2003Q1,,,
Revenue,2003Q1,Wall_St.,2003Q1,180.74,2003Q1,1059.0,2003Q1,,,
Revenue,2003Q2,Actuals,2003Q2,177.74,2003Q2,839.17,2003Q2,1247.0,,
Revenue,2003Q2,E_high,2003Q2,,2003Q2,,2003Q2,,,
Revenue,2003Q2,E_low,2003Q2,,2003Q2,,2003Q2,,,
Revenue,2003Q2,E_mean,2003Q2,,2003Q2,,2003Q2,,,
Revenue,2003Q2,Estimize,2003Q2,,2003Q2,,2003Q2,,,
Revenue,2003Q2,W_high,2003Q2,,2003Q2,,2003Q2,,,
Revenue,2003Q2,W_low,2003Q2,,2003Q2,,2003Q2,,,
Revenue,2003Q2,Wall_St.,2003Q2,177.56,2003Q2,833.81,2003Q2,0.0,,
Revenue,2003Q3,Actuals,2003Q3,188.41,2003Q3,849.32,2003Q3,,,
Revenue,2003Q3,E_high,2003Q3,,2003Q3,,2003Q3,,,
Revenue,2003Q3,E_low,2003Q3,,2003Q3,,2003Q3,,,
Revenue,2003Q3,E_mean,2003Q3,,2003Q3,,2003Q3,,,
Revenue,2003Q3,Estimize,2003Q3,,2003Q3,,2003Q3,,,
Revenue,2003Q3,W_high,2003Q3,,2003Q3,,2003Q3,,,
Revenue,2003Q3,W_low,2003Q3,,2003Q3,,2003Q3,,,
Revenue,2003Q3,Wall_St.,2003Q3,182.18,2003Q3,837.81,2003Q3,,,
Revenue,2003Q4,Actuals,2003Q4,209.39,2003Q4,821.28,2003Q4,,,
Revenue,2003Q4,E_high,2003Q4,,2003Q4,,2003Q4,,,
Revenue,2003Q4,E_low,2003Q4,,2003Q4,,2003Q4,,,
Revenue,2003Q4,E_mean,2003Q4,,2003Q4,,2003Q4,,,
Revenue,2003Q4,Estimize,2003Q4,,2003Q4,,2003Q4,,,
Revenue,2003Q4,W_high,2003Q4,,2003Q4,,2003Q4,,,
Revenue,2003Q4,W_low,2003Q4,,2003Q4,,2003Q4,,,
Revenue,2003Q4,Wall_St.,2003Q4,209.76,2003Q4,771.58,2003Q4,,,
Revenue,2004Q1,Actuals,2004Q1,242.49,2004Q1,1123.0,2004Q1,,,
Revenue,2004Q1,E_high,2004Q1,,2004Q1,,2004Q1,,,
Revenue,2004Q1,E_low,2004Q1,,2004Q1,,2004Q1,,,
Revenue,2004Q1,E_mean,2004Q1,,2004Q1,,2004Q1,,,
Revenue,2004Q1,Estimize,2004Q1,,2004Q1,,2004Q1,,,
Revenue,2004Q1,W_high,2004Q1,,2004Q1,,2004Q1,,,
Revenue,2004Q1,W_low,2004Q1,,2004Q1,,2004Q1,,,
Revenue,2004Q1,Wall_St.,2004Q1,223.33,2004Q1,1116.0,2004Q1,,,
Revenue,2004Q2,Actuals,2004Q2,230.29,2004Q2,908.41,2004Q2,1391.0,,
Revenue,2004Q2,E_high,2004Q2,,2004Q2,,2004Q2,,,
Revenue,2004Q2,E_low,2004Q2,,2004Q2,,2004Q2,,,
Revenue,2004Q2,E_mean,2004Q2,,2004Q2,,2004Q2,,,
Revenue,2004Q2,Estimize,2004Q2,,2004Q2,,2004Q2,,,
Revenue,2004Q2,W_high,2004Q2,,2004Q2,,2004Q2,,,
Revenue,2004Q2,W_low,2004Q2,,2004Q2,,2004Q2,,,
Revenue,2004Q2,Wall_St.,2004Q2,227.2,2004Q2,894.5,2004Q2,1297.0,,
Revenue,2004Q3,Actuals,2004Q3,231.65,2004Q3,890.16,2004Q3,1390.0,,
Revenue,2004Q3,E_high,2004Q3,,2004Q3,,2004Q3,,,
Revenue,2004Q3,E_low,2004Q3,,2004Q3,,2004Q3,,,
Revenue,2004Q3,E_mean,2004Q3,,2004Q3,,2004Q3,,,
Revenue,2004Q3,Estimize,2004Q3,,2004Q3,,2004Q3,,,
Revenue,2004Q3,W_high,2004Q3,,2004Q3,,2004Q3,,,
Revenue,2004Q3,W_low,2004Q3,,2004Q3,,2004Q3,,,
Revenue,2004Q3,Wall_St.,2004Q3,230.93,2004Q3,884.27,2004Q3,1283.0,,
Revenue,2004Q4,Actuals,2004Q4,242.05,2004Q4,848.81,2004Q4,1380.0,,
Revenue,2004Q4,E_high,2004Q4,,2004Q4,,2004Q4,,,
Revenue,2004Q4,E_low,2004Q4,,2004Q4,,2004Q4,,,
Revenue,2004Q4,E_mean,2004Q4,,2004Q4,,2004Q4,,,
Revenue,2004Q4,Estimize,2004Q4,,2004Q4,,2004Q4,,,
Revenue,2004Q4,W_high,2004Q4,,2004Q4,,2004Q4,,,
Revenue,2004Q4,W_low,2004Q4,,2004Q4,,2004Q4,,,
Revenue,2004Q4,Wall_St.,2004Q4,258.39,2004Q4,818.94,2004Q4,1329.0,,
Revenue,2005Q1,Actuals,2005Q1,279.35,2005Q1,1258.0,2005Q1,1352.0,,
Revenue,2005Q1,E_high,2005Q1,,2005Q1,,2005Q1,,,
Revenue,2005Q1,E_low,2005Q1,,2005Q1,,2005Q1,,,
Revenue,2005Q1,E_mean,2005Q1,,2005Q1,,2005Q1,,,
Revenue,2005Q1,Estimize,2005Q1,,2005Q1,,2005Q1,,,
Revenue,2005Q1,W_high,2005Q1,,2005Q1,,2005Q1,,,
Revenue,2005Q1,W_low,2005Q1,,2005Q1,,2005Q1,,,
Revenue,2005Q1,Wall_St.,2005Q1,272.39,2005Q1,1238.0,2005Q1,1288.0,,
Revenue,2005Q2,Actuals,2005Q2,271.34,2005Q2,1023.0,2005Q2,1477.0,,
Revenue,2005Q2,E_high,2005Q2,,2005Q2,,2005Q2,,,
Revenue,2005Q2,E_low,2005Q2,,2005Q2,,2005Q2,,,
Revenue,2005Q2,E_mean,2005Q2,,2005Q2,,2005Q2,,,
Revenue,2005Q2,Estimize,2005Q2,,2005Q2,,2005Q2,,,
Revenue,2005Q2,W_high,2005Q2,,2005Q2,,2005Q2,,,
Revenue,2005Q2,W_low,2005Q2,,2005Q2,,2005Q2,,,
Revenue,2005Q2,Wall_St.,2005Q2,267.65,2005Q2,1008.0,2005Q2,1503.0,,
Revenue,2005Q3,Actuals,2005Q3,278.67,2005Q3,1020.0,2005Q3,1448.0,,
Revenue,2005Q3,E_high,2005Q3,,2005Q3,,2005Q3,,,
Revenue,2005Q3,E_low,2005Q3,,2005Q3,,2005Q3,,,
Revenue,2005Q3,E_mean,2005Q3,,2005Q3,,2005Q3,,,
Revenue,2005Q3,Estimize,2005Q3,,2005Q3,,2005Q3,,,
Revenue,2005Q3,W_high,2005Q3,,2005Q3,,2005Q3,,,
Revenue,2005Q3,W_low,2005Q3,,2005Q3,,2005Q3,,,
Revenue,2005Q3,Wall_St.,2005Q3,271.04,2005Q3,1004.0,2005Q3,1500.0,,
Revenue,2005Q4,Actuals,2005Q4,296.15,2005Q4,963.73,2005Q4,1347.0,,
Revenue,2005Q4,E_high,2005Q4,,2005Q4,,2005Q4,,,
Revenue,2005Q4,E_low,2005Q4,,2005Q4,,2005Q4,,,
Revenue,2005Q4,E_mean,2005Q4,,2005Q4,,2005Q4,,,
Revenue,2005Q4,Estimize,2005Q4,,2005Q4,,2005Q4,,,
Revenue,2005Q4,W_high,2005Q4,,2005Q4,,2005Q4,,,
Revenue,2005Q4,W_low,2005Q4,,2005Q4,,2005Q4,,,
Revenue,2005Q4,Wall_St.,2005Q4,286.52,2005Q4,940.33,2005Q4,1340.0,,
Revenue,2006Q1,Actuals,2006Q1,347.29,2006Q1,1393.0,2006Q1,1387.0,,
Revenue,2006Q1,E_high,2006Q1,,2006Q1,,2006Q1,,,
Revenue,2006Q1,E_low,2006Q1,,2006Q1,,2006Q1,,,
Revenue,2006Q1,E_mean,2006Q1,,2006Q1,,2006Q1,,,
Revenue,2006Q1,Estimize,2006Q1,,2006Q1,,2006Q1,,,
Revenue,2006Q1,W_high,2006Q1,,2006Q1,,2006Q1,,,
Revenue,2006Q1,W_low,2006Q1,,2006Q1,,2006Q1,,,
Revenue,2006Q1,Wall_St.,2006Q1,320.87,2006Q1,1391.0,2006Q1,1409.0,,
Revenue,2006Q2,Actuals,2006Q2,321.73,2006Q2,1108.0,2006Q2,1518.0,,
Revenue,2006Q2,E_high,2006Q2,,2006Q2,,2006Q2,,,
Revenue,2006Q2,E_low,2006Q2,,2006Q2,,2006Q2,,,
Revenue,2006Q2,E_mean,2006Q2,,2006Q2,,2006Q2,,,
Revenue,2006Q2,Estimize,2006Q2,,2006Q2,,2006Q2,,,
Revenue,2006Q2,W_high,2006Q2,,2006Q2,,2006Q2,,,
Revenue,2006Q2,W_low,2006Q2,,2006Q2,,2006Q2,,,
Revenue,2006Q2,Wall_St.,2006Q2,315.6,2006Q2,1099.0,2006Q2,1534.0,,
Revenue,2006Q3,Actuals,2006Q3,317.71,2006Q3,1099.0,2006Q3,1520.0,,
Revenue,2006Q3,E_high,2006Q3,,2006Q3,,2006Q3,,,
Revenue,2006Q3,E_low,2006Q3,,2006Q3,,2006Q3,,,
Revenue,2006Q3,E_mean,2006Q3,,2006Q3,,2006Q3,,,
Revenue,2006Q3,Estimize,2006Q3,,2006Q3,,2006Q3,,,
Revenue,2006Q3,W_high,2006Q3,,2006Q3,,2006Q3,,,
Revenue,2006Q3,W_low,2006Q3,,2006Q3,,2006Q3,,,
Revenue,2006Q3,Wall_St.,2006Q3,324.48,2006Q3,1089.0,2006Q3,1509.0,,
Revenue,2006Q4,Actuals,2006Q4,339.87,2006Q4,1016.0,2006Q4,1383.0,,
Revenue,2006Q4,E_high,2006Q4,,2006Q4,,2006Q4,,,
Revenue,2006Q4,E_low,2006Q4,,2006Q4,,2006Q4,,,
Revenue,2006Q4,E_mean,2006Q4,,2006Q4,,2006Q4,,,
Revenue,2006Q4,Estimize,2006Q4,,2006Q4,,2006Q4,,,
Revenue,2006Q4,W_high,2006Q4,,2006Q4,,2006Q4,,,
Revenue,2006Q4,W_low,2006Q4,,2006Q4,,2006Q4,,,
Revenue,2006Q4,Wall_St.,2006Q4,340.94,2006Q4,1029.0,2006Q4,1402.0,,
Revenue,2007Q1,Actuals,2007Q1,387.93,2007Q1,1468.0,2007Q1,1416.0,,
Revenue,2007Q1,E_high,2007Q1,,2007Q1,,2007Q1,,,
Revenue,2007Q1,E_low,2007Q1,,2007Q1,,2007Q1,,,
Revenue,2007Q1,E_mean,2007Q1,,2007Q1,,2007Q1,,,
Revenue,2007Q1,Estimize,2007Q1,,2007Q1,,2007Q1,,,
Revenue,2007Q1,W_high,2007Q1,,2007Q1,,2007Q1,,,
Revenue,2007Q1,W_low,2007Q1,,2007Q1,,2007Q1,,,
Revenue,2007Q1,Wall_St.,2007Q1,394.19,2007Q1,1491.0,2007Q1,1436.0,,
Revenue,2007Q2,Actuals,2007Q2,358.99,2007Q2,1170.0,2007Q2,1507.0,,
Revenue,2007Q2,E_high,2007Q2,,2007Q2,,2007Q2,,,
Revenue,2007Q2,E_low,2007Q2,,2007Q2,,2007Q2,,,
Revenue,2007Q2,E_mean,2007Q2,,2007Q2,,2007Q2,,,
Revenue,2007Q2,Estimize,2007Q2,,2007Q2,,2007Q2,,,
Revenue,2007Q2,W_high,2007Q2,,2007Q2,,2007Q2,,,
Revenue,2007Q2,W_low,2007Q2,,2007Q2,,2007Q2,,,
Revenue,2007Q2,Wall_St.,2007Q2,360.11,2007Q2,1194.0,2007Q2,1568.0,,
Revenue,2007Q3,Actuals,2007Q3,333.72,2007Q3,1158.0,2007Q3,1394.0,,
Revenue,2007Q3,E_high,2007Q3,,2007Q3,,2007Q3,,,
Revenue,2007Q3,E_low,2007Q3,,2007Q3,,2007Q3,,,
Revenue,2007Q3,E_mean,2007Q3,,2007Q3,,2007Q3,,,
Revenue,2007Q3,Estimize,2007Q3,,2007Q3,,2007Q3,,,
Revenue,2007Q3,W_high,2007Q3,,2007Q3,,2007Q3,,,
Revenue,2007Q3,W_low,2007Q3,,2007Q3,,2007Q3,,,
Revenue,2007Q3,Wall_St.,2007Q3,357.5,2007Q3,1145.0,2007Q3,1551.0,,
Revenue,2007Q4,Actuals,2007Q4,364.66,2007Q4,1048.0,2007Q4,1291.0,,
Revenue,2007Q4,E_high,2007Q4,,2007Q4,,2007Q4,,,
Revenue,2007Q4,E_low,2007Q4,,2007Q4,,2007Q4,,,
Revenue,2007Q4,E_mean,2007Q4,,2007Q4,,2007Q4,,,
Revenue,2007Q4,Estimize,2007Q4,,2007Q4,,2007Q4,,,
Revenue,2007Q4,W_high,2007Q4,,2007Q4,,2007Q4,,,
Revenue,2007Q4,W_low,2007Q4,,2007Q4,,2007Q4,,,
Revenue,2007Q4,Wall_St.,2007Q4,386.43,2007Q4,1061.0,2007Q4,1381.0,,
Revenue,2008Q1,Actuals,2008Q1,412.68,2008Q1,1526.0,2008Q1,1177.0,,
Revenue,2008Q1,E_high,2008Q1,,2008Q1,,2008Q1,,,
Revenue,2008Q1,E_low,2008Q1,,2008Q1,,2008Q1,,,
Revenue,2008Q1,E_mean,2008Q1,,2008Q1,,2008Q1,,,
Revenue,2008Q1,Estimize,2008Q1,,2008Q1,,2008Q1,,,
Revenue,2008Q1,W_high,2008Q1,,2008Q1,,2008Q1,,,
Revenue,2008Q1,W_low,2008Q1,,2008Q1,,2008Q1,,,
Revenue,2008Q1,Wall_St.,2008Q1,427.49,2008Q1,1514.0,2008Q1,1370.0,,
Revenue,2008Q2,Actuals,2008Q2,387.01,2008Q2,1236.0,2008Q2,1219.0,,
Revenue,2008Q2,E_high,2008Q2,,2008Q2,,2008Q2,,,
Revenue,2008Q2,E_low,2008Q2,,2008Q2,,2008Q2,,,
Revenue,2008Q2,E_mean,2008Q2,,2008Q2,,2008Q2,,,
Revenue,2008Q2,Estimize,2008Q2,,2008Q2,,2008Q2,,,
Revenue,2008Q2,W_high,2008Q2,,2008Q2,,2008Q2,,,
Revenue,2008Q2,W_low,2008Q2,,2008Q2,,2008Q2,,,
Revenue,2008Q2,Wall_St.,2008Q2,406.48,2008Q2,1206.0,2008Q2,1388.0,,
Revenue,2008Q3,Actuals,2008Q3,388.02,2008Q3,1188.0,2008Q3,1126.0,,
Revenue,2008Q3,E_high,2008Q3,,2008Q3,,2008Q3,,,
Revenue,2008Q3,E_low,2008Q3,,2008Q3,,2008Q3,,,
Revenue,2008Q3,E_mean,2008Q3,,2008Q3,,2008Q3,,,
Revenue,2008Q3,Estimize,2008Q3,,2008Q3,,2008Q3,,,
Revenue,2008Q3,W_high,2008Q3,,2008Q3,,2008Q3,,,
Revenue,2008Q3,W_low,2008Q3,,2008Q3,,2008Q3,,,
Revenue,2008Q3,Wall_St.,2008Q3,406.8,2008Q3,1188.0,2008Q3,1263.0,,
Revenue,2008Q4,Actuals,2008Q4,404.89,2008Q4,1192.0,2008Q4,880.1,,
Revenue,2008Q4,E_high,2008Q4,,2008Q4,,2008Q4,,,
Revenue,2008Q4,E_low,2008Q4,,2008Q4,,2008Q4,,,
Revenue,2008Q4,E_mean,2008Q4,,2008Q4,,2008Q4,,,
Revenue,2008Q4,Estimize,2008Q4,,2008Q4,,2008Q4,,,
Revenue,2008Q4,W_high,2008Q4,,2008Q4,,2008Q4,,,
Revenue,2008Q4,W_low,2008Q4,,2008Q4,,2008Q4,,,
Revenue,2008Q4,Wall_St.,2008Q4,408.26,2008Q4,1153.0,2008Q4,992.88,,
Revenue,2009Q1,Actuals,2009Q1,473.95,2009Q1,1684.0,2009Q1,857.0,,
Revenue,2009Q1,E_high,2009Q1,,2009Q1,,2009Q1,,,
Revenue,2009Q1,E_low,2009Q1,,2009Q1,,2009Q1,,,
Revenue,2009Q1,E_mean,2009Q1,,2009Q1,,2009Q1,,,
Revenue,2009Q1,Estimize,2009Q1,,2009Q1,,2009Q1,,,
Revenue,2009Q1,W_high,2009Q1,,2009Q1,,2009Q1,,,
Revenue,2009Q1,W_low,2009Q1,,2009Q1,,2009Q1,,,
Revenue,2009Q1,Wall_St.,2009Q1,456.65,2009Q1,1595.0,2009Q1,898.05,,
Revenue,2009Q2,Actuals,2009Q2,417.31,2009Q2,1323.0,2009Q2,857.0,,
Revenue,2009Q2,E_high,2009Q2,,2009Q2,,2009Q2,,,
Revenue,2009Q2,E_low,2009Q2,,2009Q2,,2009Q2,,,
Revenue,2009Q2,E_mean,2009Q2,,2009Q2,,2009Q2,,,
Revenue,2009Q2,Estimize,2009Q2,,2009Q2,,2009Q2,,,
Revenue,2009Q2,W_high,2009Q2,,2009Q2,,2009Q2,,,
Revenue,2009Q2,W_low,2009Q2,,2009Q2,,2009Q2,,,
Revenue,2009Q2,Wall_St.,2009Q2,437.86,2009Q2,1317.0,2009Q2,942.25,,
Revenue,2009Q3,Actuals,2009Q3,415.26,2009Q3,1263.0,2009Q3,856.0,,
Revenue,2009Q3,E_high,2009Q3,,2009Q3,,2009Q3,,,
Revenue,2009Q3,E_low,2009Q3,,2009Q3,,2009Q3,,,
Revenue,2009Q3,E_mean,2009Q3,,2009Q3,,2009Q3,,,
Revenue,2009Q3,Estimize,2009Q3,,2009Q3,,2009Q3,,,
Revenue,2009Q3,W_high,2009Q3,,2009Q3,,2009Q3,,,
Revenue,2009Q3,W_low,2009Q3,,2009Q3,,2009Q3,,,
Revenue,2009Q3,Wall_St.,2009Q3,419.0,2009Q3,1263.0,2009Q3,983.0,,
Revenue,2009Q4,Actuals,2009Q4,446.27,2009Q4,1144.0,2009Q4,836.1,,
Revenue,2009Q4,E_high,2009Q4,,2009Q4,,2009Q4,,,
Revenue,2009Q4,E_low,2009Q4,,2009Q4,,2009Q4,,,
Revenue,2009Q4,E_mean,2009Q4,,2009Q4,,2009Q4,,,
Revenue,2009Q4,Estimize,2009Q4,,2009Q4,,2009Q4,,,
Revenue,2009Q4,W_high,2009Q4,,2009Q4,,2009Q4,,,
Revenue,2009Q4,W_low,2009Q4,,2009Q4,,2009Q4,,,
Revenue,2009Q4,Wall_St.,2009Q4,432.93,2009Q4,1152.0,2009Q4,874.05,,
Revenue,2010Q1,Actuals,2010Q1,495.27,2010Q1,1831.0,2010Q1,866.3,,
Revenue,2010Q1,E_high,2010Q1,,2010Q1,,2010Q1,,,
Revenue,2010Q1,E_low,2010Q1,,2010Q1,,2010Q1,,,
Revenue,2010Q1,E_mean,2010Q1,,2010Q1,,2010Q1,,,
Revenue,2010Q1,Estimize,2010Q1,,2010Q1,,2010Q1,,,
Revenue,2010Q1,W_high,2010Q1,,2010Q1,,2010Q1,,,
Revenue,2010Q1,W_low,2010Q1,,2010Q1,,2010Q1,,,
Revenue,2010Q1,Wall_St.,2010Q1,485.91,2010Q1,1706.0,2010Q1,40.98,,
Revenue,2010Q2,Actuals,2010Q2,445.0,2010Q2,1418.0,2010Q2,999.3,2010Q2,33174.0
Revenue,2010Q2,E_high,2010Q2,,2010Q2,,2010Q2,,2010Q2,
Revenue,2010Q2,E_low,2010Q2,,2010Q2,,2010Q2,,2010Q2,
Revenue,2010Q2,E_mean,2010Q2,,2010Q2,,2010Q2,,2010Q2,
Revenue,2010Q2,Estimize,2010Q2,,2010Q2,,2010Q2,,2010Q2,
Revenue,2010Q2,W_high,2010Q2,,2010Q2,,2010Q2,,2010Q2,
Revenue,2010Q2,W_low,2010Q2,,2010Q2,,2010Q2,,2010Q2,
Revenue,2010Q2,Wall_St.,2010Q2,442.03,2010Q2,1415.0,2010Q2,36.95,2010Q2,0.0
Revenue,2010Q3,Actuals,2010Q3,452.15,2010Q3,1407.0,2010Q3,1020.0,2010Q3,34060.0
Revenue,2010Q3,E_high,2010Q3,,2010Q3,,2010Q3,,2010Q3,
Revenue,2010Q3,E_low,2010Q3,,2010Q3,,2010Q3,,2010Q3,
Revenue,2010Q3,E_mean,2010Q3,,2010Q3,,2010Q3,,2010Q3,
Revenue,2010Q3,Estimize,2010Q3,,2010Q3,,2010Q3,,2010Q3,
Revenue,2010Q3,W_high,2010Q3,,2010Q3,,2010Q3,,2010Q3,
Revenue,2010Q3,W_low,2010Q3,,2010Q3,,2010Q3,,2010Q3,
Revenue,2010Q3,Wall_St.,2010Q3,437.22,2010Q3,1364.0,2010Q3,9.89,2010Q3,
Revenue,2010Q4,Actuals,2010Q4,484.43,2010Q4,1270.0,2010Q4,1012.0,2010Q4,36882.0
Revenue,2010Q4,E_high,2010Q4,,2010Q4,,2010Q4,,2010Q4,
Revenue,2010Q4,E_low,2010Q4,,2010Q4,,2010Q4,,2010Q4,
Revenue,2010Q4,E_mean,2010Q4,,2010Q4,,2010Q4,,2010Q4,
Revenue,2010Q4,Estimize,2010Q4,,2010Q4,,2010Q4,,2010Q4,
Revenue,2010Q4,W_high,2010Q4,,2010Q4,,2010Q4,,2010Q4,
Revenue,2010Q4,W_low,2010Q4,,2010Q4,,2010Q4,,2010Q4,
Revenue,2010Q4,Wall_St.,2010Q4,471.29,2010Q4,1251.0,2010Q4,11.22,2010Q4,36900.0
Revenue,2011Q1,Actuals,2011Q1,532.2,2011Q1,1898.0,2011Q1,992.0,2011Q1,36194.0
Revenue,2011Q1,E_high,2011Q1,,2011Q1,,2011Q1,,2011Q1,
Revenue,2011Q1,E_low,2011Q1,,2011Q1,,2011Q1,,2011Q1,
Revenue,2011Q1,E_mean,2011Q1,,2011Q1,,2011Q1,,2011Q1,
Revenue,2011Q1,Estimize,2011Q1,,2011Q1,,2011Q1,,2011Q1,
Revenue,2011Q1,W_high,2011Q1,,2011Q1,,2011Q1,,2011Q1,
Revenue,2011Q1,W_low,2011Q1,,2011Q1,,2011Q1,,2011Q1,
Revenue,2011Q1,Wall_St.,2011Q1,534.23,2011Q1,1922.0,2011Q1,9.78,2011Q1,35595.0
Revenue,2011Q2,Actuals,2011Q2,482.7,2011Q2,1480.0,2011Q2,1069.0,2011Q2,39373.0
Revenue,2011Q2,E_high,2011Q2,,2011Q2,,2011Q2,,2011Q2,
Revenue,2011Q2,E_low,2011Q2,,2011Q2,,2011Q2,,2011Q2,
Revenue,2011Q2,E_mean,2011Q2,,2011Q2,,2011Q2,,2011Q2,
Revenue,2011Q2,Estimize,2011Q2,,2011Q2,,2011Q2,,2011Q2,
Revenue,2011Q2,W_high,2011Q2,,2011Q2,,2011Q2,,2011Q2,
Revenue,2011Q2,W_low,2011Q2,,2011Q2,,2011Q2,,2011Q2,
Revenue,2011Q2,Wall_St.,2011Q2,481.26,2011Q2,1497.0,2011Q2,10.97,2011Q2,36737.0
Revenue,2011Q3,Actuals,2011Q3,484.73,2011Q3,1465.0,2011Q3,1047.0,2011Q3,36719.0
Revenue,2011Q3,E_high,2011Q3,,2011Q3,,2011Q3,,2011Q3,
Revenue,2011Q3,E_low,2011Q3,,2011Q3,,2011Q3,,2011Q3,
Revenue,2011Q3,E_mean,2011Q3,,2011Q3,,2011Q3,,2011Q3,
Revenue,2011Q3,Estimize,2011Q3,,2011Q3,,2011Q3,,2011Q3,
Revenue,2011Q3,W_high,2011Q3,,2011Q3,,2011Q3,,2011Q3,
Revenue,2011Q3,W_low,2011Q3,,2011Q3,,2011Q3,,2011Q3,
Revenue,2011Q3,Wall_St.,2011Q3,483.01,2011Q3,1461.0,2011Q3,13.58,2011Q3,36661.0
Revenue,2011Q4,Actuals,2011Q4,523.49,2011Q4,1328.0,2011Q4,1090.0,2011Q4,37990.0
Revenue,2011Q4,E_high,2011Q4,,2011Q4,,2011Q4,,2011Q4,
Revenue,2011Q4,E_low,2011Q4,,2011Q4,,2011Q4,,2011Q4,
Revenue,2011Q4,E_mean,2011Q4,,2011Q4,,2011Q4,,2011Q4,
Revenue,2011Q4,Estimize,2011Q4,,2011Q4,,2011Q4,,2011Q4,
Revenue,2011Q4,W_high,2011Q4,,2011Q4,,2011Q4,,2011Q4,
Revenue,2011Q4,W_low,2011Q4,,2011Q4,,2011Q4,,2011Q4,
Revenue,2011Q4,Wall_St.,2011Q4,519.25,2011Q4,1324.0,2011Q4,39.12,2011Q4,38210.0
Revenue,2012Q1,Actuals,2012Q1,585.1,2012Q1,1957.0,2012Q1,1055.0,2012Q1,37759.0
Revenue,2012Q1,E_high,2012Q1,,2012Q1,,2012Q1,,2012Q1,
Revenue,2012Q1,E_low,2012Q1,,2012Q1,,2012Q1,,2012Q1,
Revenue,2012Q1,E_mean,2012Q1,,2012Q1,,2012Q1,,2012Q1,
Revenue,2012Q1,Estimize,2012Q1,,2012Q1,,2012Q1,,2012Q1,
Revenue,2012Q1,W_high,2012Q1,,2012Q1,,2012Q1,,2012Q1,
Revenue,2012Q1,W_low,2012Q1,,2012Q1,,2012Q1,,2012Q1,
Revenue,2012Q1,Wall_St.,2012Q1,568.3,2012Q1,2006.0,2012Q1,1116.0,2012Q1,36437.0
Revenue,2012Q2,Actuals,2012Q2,539.52,2012Q2,1461.0,2012Q2,1191.0,2012Q2,37614.0
Revenue,2012Q2,E_high,2012Q2,,2012Q2,1515.0,2012Q2,,2012Q2,
Revenue,2012Q2,E_low,2012Q2,,2012Q2,1475.0,2012Q2,,2012Q2,
Revenue,2012Q2,E_mean,2012Q2,,2012Q2,1492.0,2012Q2,,2012Q2,
Revenue,2012Q2,Estimize,2012Q2,,2012Q2,1490.0,2012Q2,,2012Q2,
Revenue,2012Q2,W_high,2012Q2,,2012Q2,,2012Q2,,2012Q2,
Revenue,2012Q2,W_low,2012Q2,,2012Q2,,2012Q2,,2012Q2,
Revenue,2012Q2,Wall_St.,2012Q2,524.74,2012Q2,1478.0,2012Q2,1200.0,2012Q2,37981.0
Revenue,2012Q3,Actuals,2012Q3,529.51,2012Q3,1458.0,2012Q3,1198.0,2012Q3,37576.0
Revenue,2012Q3,E_high,2012Q3,,2012Q3,1460.0,2012Q3,,2012Q3,
Revenue,2012Q3,E_low,2012Q3,,2012Q3,1435.0,2012Q3,,2012Q3,
Revenue,2012Q3,E_mean,2012Q3,,2012Q3,1452.0,2012Q3,,2012Q3,
Revenue,2012Q3,Estimize,2012Q3,,2012Q3,1449.0,2012Q3,,2012Q3,
Revenue,2012Q3,W_high,2012Q3,,2012Q3,,2012Q3,,2012Q3,
Revenue,2012Q3,W_low,2012Q3,,2012Q3,,2012Q3,,2012Q3,
Revenue,2012Q3,Wall_St.,2012Q3,528.1,2012Q3,1460.0,2012Q3,1182.0,2012Q3,36405.0
Revenue,2012Q4,Actuals,2012Q4,568.5,2012Q4,1329.0,2012Q4,1219.0,2012Q4,39300.0
Revenue,2012Q4,E_high,2012Q4,576.0,2012Q4,1346.0,2012Q4,,2012Q4,42000.0
Revenue,2012Q4,E_low,2012Q4,574.2,2012Q4,1327.0,2012Q4,,2012Q4,37629.0
Revenue,2012Q4,E_mean,2012Q4,575.28,2012Q4,1335.0,2012Q4,,2012Q4,39179.0
Revenue,2012Q4,Estimize,2012Q4,575.22,2012Q4,1334.0,2012Q4,,2012Q4,39111.0
Revenue,2012Q4,W_high,2012Q4,576.09,2012Q4,1354.0,2012Q4,1238.0,2012Q4,39749.0
Revenue,2012Q4,W_low,2012Q4,565.0,2012Q4,1313.0,2012Q4,1124.0,2012Q4,38120.0
Revenue,2012Q4,Wall_St.,2012Q4,573.17,2012Q4,1331.0,2012Q4,1176.0,2012Q4,38629.0
Revenue,2013Q1,Actuals,2013Q1,595.14,2013Q1,2015.0,2013Q1,1225.0,2013Q1,36900.0
Revenue,2013Q1,E_high,2013Q1,,2013Q1,2040.0,2013Q1,,2013Q1,38000.0
Revenue,2013Q1,E_low,2013Q1,,2013Q1,1995.0,2013Q1,,2013Q1,36500.0
Revenue,2013Q1,E_mean,2013Q1,,2013Q1,2014.0,2013Q1,,2013Q1,37345.0
Revenue,2013Q1,Estimize,2013Q1,,2013Q1,2005.0,2013Q1,,2013Q1,37354.0
Revenue,2013Q1,Guidance,2013Q1,,,,,,,
Revenue,2013Q1,W_high,2013Q1,647.86,2013Q1,2033.0,2013Q1,1204.0,2013Q1,37793.0
Revenue,2013Q1,W_low,2013Q1,616.73,2013Q1,1970.0,2013Q1,1159.0,2013Q1,35640.0
Revenue,2013Q1,Wall_St.,2013Q1,632.24,2013Q1,2011.0,2013Q1,1188.0,2013Q1,36416.0
Revenue,2013Q2,Actuals,2013Q2,552.1,2013Q2,1550.0,2013Q2,1344.0,2013Q2,39100.0
Revenue,2013Q2,E_high,2013Q2,581.0,2013Q2,1607.0,2013Q2,1320.0,2013Q2,38300.0
Revenue,2013Q2,E_low,2013Q2,562.5,2013Q2,1555.0,2013Q2,1270.0,2013Q2,37450.0
Revenue,2013Q2,E_mean,2013Q2,569.5,2013Q2,1584.0,2013Q2,1297.0,2013Q2,38013.0
Revenue,2013Q2,Estimize,2013Q2,566.3,2013Q2,1594.0,2013Q2,1304.0,2013Q2,38029.0
Revenue,2013Q2,Guidance,2013Q2,565.0,,,,,,
Revenue,2013Q2,W_high,2013Q2,593.26,2013Q2,1618.0,2013Q2,1332.0,2013Q2,38766.0
Revenue,2013Q2,W_low,2013Q2,560.2,2013Q2,1582.0,2013Q2,1245.0,2013Q2,37726.0
Revenue,2013Q2,Wall_St.,2013Q2,569.81,2013Q2,1593.0,2013Q2,1298.0,2013Q2,38004.0
Revenue,2013Q3,Actuals,2013Q3,539.5,2013Q3,1520.0,2013Q3,1390.0,2013Q3,39000.0
Revenue,2013Q3,E_high,2013Q3,,2013Q3,1550.0,2013Q3,,2013Q3,39100.0
Revenue,2013Q3,E_low,2013Q3,,2013Q3,1529.0,2013Q3,,2013Q3,38611.0
Revenue,2013Q3,E_mean,2013Q3,,2013Q3,1538.0,2013Q3,,2013Q3,38834.0
Revenue,2013Q3,Estimize,2013Q3,,2013Q3,1536.0,2013Q3,,2013Q3,38875.0
Revenue,2013Q3,Guidance,2013Q3,550.0,,,,,,
Revenue,2013Q3,W_high,2013Q3,540.47,2013Q3,1553.0,2013Q3,1393.0,2013Q3,40251.0
Revenue,2013Q3,W_low,2013Q3,536.9,2013Q3,1517.0,2013Q3,1302.0,2013Q3,37382.0
Revenue,2013Q3,Wall_St.,2013Q3,539.52,2013Q3,1528.0,2013Q3,1349.0,2013Q3,38656.0
Revenue,2013Q4,Actuals,2013Q4,553.9,2013Q4,1409.0,2013Q4,1374.0,2013Q4,40500.0
Revenue,2013Q4,E_high,2013Q4,560.23,2013Q4,1525.0,2013Q4,,2013Q4,41840.0
Revenue,2013Q4,E_low,2013Q4,555.0,2013Q4,1387.0,2013Q4,,2013Q4,40000.0
Revenue,2013Q4,E_mean,2013Q4,557.25,2013Q4,1426.0,2013Q4,,2013Q4,41046.0
Revenue,2013Q4,Estimize,2013Q4,557.98,2013Q4,1392.0,2013Q4,,2013Q4,41086.0
Revenue,2013Q4,Guidance,2013Q4,555.0,,,,,,
Revenue,2013Q4,W_high,2013Q4,576.2,2013Q4,1424.0,2013Q4,1352.0,2013Q4,42080.0
Revenue,2013Q4,W_low,2013Q4,554.5,2013Q4,1363.0,2013Q4,1273.0,2013Q4,39906.0
Revenue,2013Q4,Wall_St.,2013Q4,558.52,2013Q4,1383.0,2013Q4,1324.0,2013Q4,40840.0
Revenue,2014Q1,Actuals,2014Q1,585.4,2014Q1,2970.0,2014Q1,1356.0,2014Q1,37400.0
Revenue,2014Q1,E_high,2014Q1,,2014Q1,3040.0,2014Q1,,2014Q1,38552.0
Revenue,2014Q1,E_low,2014Q1,,2014Q1,2892.0,2014Q1,,2014Q1,37518.0
Revenue,2014Q1,E_mean,2014Q1,,2014Q1,2976.0,2014Q1,,2014Q1,38057.0
Revenue,2014Q1,Estimize,2014Q1,,2014Q1,2983.0,2014Q1,,2014Q1,37977.0
Revenue,2014Q1,Guidance,2014Q1,587.5,,,,,,
Revenue,2014Q1,W_high,2014Q1,600.0,2014Q1,3030.0,2014Q1,1338.0,2014Q1,39035.0
Revenue,2014Q1,W_low,2014Q1,586.62,2014Q1,2832.0,2014Q1,1283.0,2014Q1,36054.0
Revenue,2014Q1,Wall_St.,2014Q1,590.3,2014Q1,2990.0,2014Q1,1315.0,2014Q1,37766.0
Revenue,2014Q2,Actuals,2014Q2,672.5,2014Q2,2348.0,2014Q2,1503.0,2014Q2,39600.0
Revenue,2014Q2,E_high,2014Q2,675.57,2014Q2,2334.0,2014Q2,1475.0,2014Q2,40916.0
Revenue,2014Q2,E_low,2014Q2,669.24,2014Q2,2318.0,2014Q2,1392.0,2014Q2,39790.0
Revenue,2014Q2,E_mean,2014Q2,672.2,2014Q2,2323.0,2014Q2,1449.0,2014Q2,40401.0
Revenue,2014Q2,Estimize,2014Q2,671.85,2014Q2,2322.0,2014Q2,1458.0,2014Q2,40337.0
Revenue,2014Q2,Guidance,2014Q2,672.0,,,,,,
Revenue,2014Q2,W_high,2014Q2,672.49,2014Q2,2342.0,2014Q2,1513.0,2014Q2,41530.0
Revenue,2014Q2,W_low,2014Q2,671.8,2014Q2,2294.0,2014Q2,1438.0,2014Q2,39376.0
Revenue,2014Q2,Wall_St.,2014Q2,672.24,2014Q2,2317.0,2014Q2,1477.0,2014Q2,40756.0
Revenue,2014Q3,Actuals,2014Q3,707.6,2014Q3,2290.0,2014Q3,1506.0,2014Q3,39300.0
Revenue,2014Q3,E_high,2014Q3,697.55,2014Q3,2307.0,2014Q3,1529.0,2014Q3,42000.0
Revenue,2014Q3,E_low,2014Q3,692.0,2014Q3,2220.0,2014Q3,1500.0,2014Q3,39400.0
Revenue,2014Q3,E_mean,2014Q3,694.19,2014Q3,2287.0,2014Q3,1516.0,2014Q3,40002.0
Revenue,2014Q3,Estimize,2014Q3,694.4,2014Q3,2290.0,2014Q3,1520.0,2014Q3,40040.0
Revenue,2014Q3,Guidance,2014Q3,,,,,,,
Revenue,2014Q3,W_high,2014Q3,701.7,2014Q3,2311.0,2014Q3,1566.0,2014Q3,41303.0
Revenue,2014Q3,W_low,2014Q3,692.28,2014Q3,2257.0,2014Q3,1465.0,2014Q3,37686.0
Revenue,2014Q3,Wall_St.,2014Q3,695.55,2014Q3,2289.0,2014Q3,1510.0,2014Q3,39785.0
Revenue,2014Q4,Actuals,2014Q4,759.74,2014Q4,2087.0,2014Q4,1503.0,2014Q4,39600.0
Revenue,2014Q4,E_high,2014Q4,745.34,2014Q4,2290.0,2014Q4,,2014Q4,42908.0
Revenue,2014Q4,E_low,2014Q4,728.1,2014Q4,2206.0,2014Q4,,2014Q4,39350.0
Revenue,2014Q4,E_mean,2014Q4,736.81,2014Q4,2266.0,2014Q4,,2014Q4,40535.0
Revenue,2014Q4,Estimize,2014Q4,739.72,2014Q4,2274.0,2014Q4,,2014Q4,40412.0
Revenue,2014Q4,Guidance,2014Q4,,,,,,,
Revenue,2014Q4,W_high,2014Q4,742.4,2014Q4,2324.0,2014Q4,1492.0,2014Q4,40733.0
Revenue,2014Q4,W_low,2014Q4,730.85,2014Q4,2102.0,2014Q4,1453.0,2014Q4,39176.0
Revenue,2014Q4,Wall_St.,2014Q4,739.1,2014Q4,2278.0,2014Q4,1473.0,2014Q4,40011.0
Revenue,2015Q1,Actuals,2015Q1,821.81,2015Q1,3038.0,2015Q1,1542.0,2015Q1,35700.0
Revenue,2015Q1,E_high,2015Q1,806.12,2015Q1,3100.0,2015Q1,1502.0,2015Q1,42000.0
Revenue,2015Q1,E_low,2015Q1,783.0,2015Q1,3053.0,2015Q1,1487.0,2015Q1,38200.0
Revenue,2015Q1,E_mean,2015Q1,796.47,2015Q1,3067.0,2015Q1,1493.0,2015Q1,39037.0
Revenue,2015Q1,Estimize,2015Q1,799.35,2015Q1,3068.0,2015Q1,1494.0,2015Q1,38827.0
Revenue,2015Q1,Guidance,2015Q1,,,,,,,
Revenue,2015Q1,W_high,2015Q1,808.1,2015Q1,3214.0,2015Q1,1530.0,2015Q1,39635.0
Revenue,2015Q1,W_low,2015Q1,778.6,2015Q1,2977.0,2015Q1,1485.0,2015Q1,37111.0
Revenue,2015Q1,Wall_St.,2015Q1,792.8,2015Q1,3055.0,2015Q1,1506.0,2015Q1,38524.0
Revenue,2015Q2,Actuals,2015Q2,769.05,2015Q2,2370.0,2015Q2,1689.0,2015Q2,38200.0
Revenue,2015Q2,E_high,2015Q2,782.0,2015Q2,2450.0,2015Q2,1669.0,2015Q2,41350.0
Revenue,2015Q2,E_low,2015Q2,769.0,2015Q2,2380.0,2015Q2,1600.0,2015Q2,39000.0
Revenue,2015Q2,E_mean,2015Q2,774.79,2015Q2,2395.0,2015Q2,1645.0,2015Q2,40049.0
Revenue,2015Q2,Estimize,2015Q2,775.73,2015Q2,2395.0,2015Q2,1645.0,2015Q2,40042.0
Revenue,2015Q2,Guidance,2015Q2,,,,,,,
Revenue,2015Q2,W_high,2015Q2,790.63,2015Q2,2418.0,2015Q2,1669.0,2015Q2,41335.0
Revenue,2015Q2,W_low,2015Q2,742.54,2015Q2,2358.0,2015Q2,1619.0,2015Q2,38587.0
Revenue,2015Q2,Wall_St.,2015Q2,765.07,2015Q2,2384.0,2015Q2,1645.0,2015Q2,40109.0
Revenue,2015Q3,Actuals,2015Q3,767.69,2015Q3,2295.0,2015Q3,1716.0,2015Q3,38843.0
Revenue,2015Q3,E_high,2015Q3,802.93,2015Q3,2400.0,2015Q3,1679.0,2015Q3,41900.0
Revenue,2015Q3,E_low,2015Q3,782.93,2015Q3,2299.0,2015Q3,1655.0,2015Q3,37888.0
Revenue,2015Q3,E_mean,2015Q3,787.78,2015Q3,2340.0,2015Q3,1670.0,2015Q3,38660.0
Revenue,2015Q3,Estimize,2015Q3,787.56,2015Q3,2336.0,2015Q3,1670.0,2015Q3,38595.0
Revenue,2015Q3,Guidance,2015Q3,,,,,,,
Revenue,2015Q3,W_high,2015Q3,814.61,2015Q3,2336.0,2015Q3,1695.0,2015Q3,39578.0
Revenue,2015Q3,W_low,2015Q3,707.56,2015Q3,2314.0,2015Q3,1619.0,2015Q3,38813.0
Revenue,2015Q3,Wall_St.,2015Q3,780.93,2015Q3,2327.0,2015Q3,1664.0,2015Q3,39196.0
Revenue,2015Q4,Actuals,2015Q4,821.2,2015Q4,2034.0,2015Q4,1641.0,2015Q4,39600.0
Revenue,2015Q4,E_high,2015Q4,822.51,2015Q4,2162.0,2015Q4,1658.0,2015Q4,40500.0
Revenue,2015Q4,E_low,2015Q4,797.0,2015Q4,2025.0,2015Q4,1635.0,2015Q4,37500.0
Revenue,2015Q4,E_mean,2015Q4,809.29,2015Q4,2068.0,2015Q4,1648.0,2015Q4,38281.0
Revenue,2015Q4,Estimize,2015Q4,809.32,2015Q4,2068.0,2015Q4,1649.0,2015Q4,38160.0
Revenue,2015Q4,Guidance,2015Q4,,,,,,,
Revenue,2015Q4,W_high,2015Q4,841.0,2015Q4,2237.0,2015Q4,1649.0,2015Q4,39150.0
Revenue,2015Q4,W_low,2015Q4,795.08,2015Q4,1976.0,2015Q4,1621.0,2015Q4,36139.0
Revenue,2015Q4,Wall_St.,2015Q4,811.53,2015Q4,2066.0,2015Q4,1636.0,2015Q4,37645.0
Revenue,2016Q1,Actuals,2016Q1,854.43,2016Q1,2980.0,2016Q1,1551.0,2016Q1,37265.0
Revenue,2016Q1,E_high,2016Q1,874.5,2016Q1,3167.0,2016Q1,1635.0,2016Q1,39333.0
Revenue,2016Q1,E_low,2016Q1,855.0,2016Q1,2961.0,2016Q1,1621.0,2016Q1,34453.0
Revenue,2016Q1,E_mean,2016Q1,866.17,2016Q1,3027.0,2016Q1,1628.0,2016Q1,35927.0
Revenue,2016Q1,Estimize,2016Q1,868.51,2016Q1,3029.0,2016Q1,1628.0,2016Q1,35564.0
Revenue,2016Q1,W_high,2016Q1,873.2,2016Q1,3067.0,2016Q1,1646.0,2016Q1,36523.0
Revenue,2016Q1,W_low,2016Q1,855.03,2016Q1,2923.0,2016Q1,1589.0,2016Q1,33375.0
Revenue,2016Q1,Wall_St.,2016Q1,863.52,2016Q1,3013.0,2016Q1,1624.0,2016Q1,34949.0
Revenue,2016Q2,Actuals,2016Q2,789.35,2016Q2,2256.0,2016Q2,1627.0,2016Q2,42400.0
Revenue,2016Q2,E_high,2016Q2,826.0,2016Q2,2278.0,2016Q2,1752.0,2016Q2,41159.0
Revenue,2016Q2,E_low,2016Q2,807.0,2016Q2,2227.0,2016Q2,1698.0,2016Q2,38519.0
Revenue,2016Q2,E_mean,2016Q2,815.66,2016Q2,2250.0,2016Q2,1730.0,2016Q2,39192.0
Revenue,2016Q2,Estimize,2016Q2,815.03,2016Q2,2248.0,2016Q2,1725.0,2016Q2,39215.0
Revenue,2016Q2,W_high,2016Q2,822.3,2016Q2,2267.0,2016Q2,1752.0,2016Q2,
Revenue,2016Q2,W_low,2016Q2,799.31,2016Q2,2220.0,2016Q2,1702.0,2016Q2,
Revenue,2016Q2,Wall_St.,2016Q2,814.73,2016Q2,2246.0,2016Q2,1726.0,2016Q2,39095.0
Revenue,2016Q3,Actuals,2016Q3,768.98,2016Q3,2249.0,2016Q3,1683.0,2016Q3,42825.0
Revenue,2016Q3,E_high,2016Q3,817.0,2016Q3,2300.0,2016Q3,1754.0,2016Q3,43990.0
Revenue,2016Q3,E_low,2016Q3,777.33,2016Q3,2122.0,2016Q3,1676.0,2016Q3,34235.0
Revenue,2016Q3,E_mean,2016Q3,791.43,2016Q3,2196.0,2016Q3,1710.0,2016Q3,39899.0
Revenue,2016Q3,Estimize,2016Q3,785.12,2016Q3,2198.0,2016Q3,1685.0,2016Q3,40326.0
Revenue,2016Q3,W_high,2016Q3,801.0,2016Q3,2215.0,2016Q3,1754.0,2016Q3,41253.0
Revenue,2016Q3,W_low,2016Q3,772.21,2016Q3,2171.0,2016Q3,1654.0,2016Q3,38645.0
Revenue,2016Q3,Wall_St.,2016Q3,784.39,2016Q3,2197.0,2016Q3,1704.0,2016Q3,40093.0
Revenue,2016Q4,Actuals,2016Q4,794.95,2016Q4,2083.0,2016Q4,1667.0,2016Q4,43918.0
Revenue,2016Q4,E_high,2016Q4,867.0,2016Q4,2077.0,2016Q4,1667.0,2016Q4,45440.0
Revenue,2016Q4,E_low,2016Q4,800.0,2016Q4,1948.0,2016Q4,1603.0,2016Q4,34732.0
Revenue,2016Q4,E_mean,2016Q4,820.31,2016Q4,2009.0,2016Q4,1620.0,2016Q4,42243.0
Revenue,2016Q4,Estimize,2016Q4,816.63,2016Q4,2016.0,2016Q4,1613.0,2016Q4,42395.0
Revenue,2016Q4,W_high,2016Q4,830.9,2016Q4,2027.0,2016Q4,1667.0,2016Q4,42991.0
Revenue,2016Q4,W_low,2016Q4,799.22,2016Q4,1985.0,2016Q4,1582.0,2016Q4,41181.0
Revenue,2016Q4,Wall_St.,2016Q4,818.61,2016Q4,2008.0,2016Q4,1615.0,2016Q4,42204.0
Revenue,2017Q1,Actuals,2017Q1,844.55,2017Q1,2891.0,2017Q1,1552.0,2017Q1,41200.0
Revenue,2017Q1,E_high,2017Q1,847.2,2017Q1,3006.0,2017Q1,1618.0,2017Q1,43333.0
Revenue,2017Q1,E_low,2017Q1,822.82,2017Q1,2850.0,2017Q1,1560.0,2017Q1,35014.0
Revenue,2017Q1,E_mean,2017Q1,831.29,2017Q1,2945.0,2017Q1,1575.0,2017Q1,40521.0
Revenue,2017Q1,Estimize,2017Q1,829.61,2017Q1,2930.0,2017Q1,1566.0,2017Q1,40737.0
Revenue,2017Q1,W_high,2017Q1,847.2,2017Q1,2969.0,2017Q1,1620.0,2017Q1,42015.0
Revenue,2017Q1,W_low,2017Q1,819.71,2017Q1,2899.0,2017Q1,1511.0,2017Q1,38489.0
Revenue,2017Q1,Wall_St.,2017Q1,833.35,2017Q1,2931.0,2017Q1,1557.0,2017Q1,40252.0
Revenue,2017Q2,Actuals,2017Q2,815.64,2017Q2,2264.0,2017Q2,1632.0,2017Q2,36984.0
Revenue,2017Q2,E_high,2017Q2,800.0,2017Q2,2378.0,2017Q2,1672.0,2017Q2,44000.0
Revenue,2017Q2,E_low,2017Q2,782.37,2017Q2,2190.0,2017Q2,1640.0,2017Q2,38769.0
Revenue,2017Q2,E_mean,2017Q2,790.83,2017Q2,2271.0,2017Q2,1650.0,2017Q2,40915.0
Revenue,2017Q2,Estimize,2017Q2,791.72,2017Q2,2249.0,2017Q2,1649.0,2017Q2,40363.0
Revenue,2017Q2,W_high,2017Q2,799.72,2017Q2,2305.0,2017Q2,1672.0,2017Q2,43113.0
Revenue,2017Q2,W_low,2017Q2,783.1,2017Q2,2218.0,2017Q2,1614.0,2017Q2,37380.0
Revenue,2017Q2,Wall_St.,2017Q2,790.37,2017Q2,2262.0,2017Q2,1649.0,2017Q2,40247.0
Revenue,2017Q3,Actuals,2017Q3,838.88,2017Q3,2182.0,2017Q3,1602.0,2017Q3,33623.0
Revenue,2017Q3,E_high,2017Q3,836.84,2017Q3,2327.0,2017Q3,1757.0,2017Q3,44000.0
Revenue,2017Q3,E_low,2017Q3,778.9,2017Q3,2170.0,2017Q3,1696.0,2017Q3,32846.0
Revenue,2017Q3,E_mean,2017Q3,824.75,2017Q3,2235.0,2017Q3,1708.0,2017Q3,38023.0
Revenue,2017Q3,Estimize,2017Q3,830.17,2017Q3,2216.0,2017Q3,1704.0,2017Q3,36562.0
Revenue,2017Q3,W_high,2017Q3,842.61,2017Q3,2235.0,2017Q3,1757.0,2017Q3,
Revenue,2017Q3,W_low,2017Q3,810.8,2017Q3,2192.0,2017Q3,1674.0,2017Q3,
Revenue,2017Q3,Wall_St.,2017Q3,827.99,2017Q3,2214.0,2017Q3,1710.0,2017Q3,31597.0
Revenue,2017Q4,Actuals,2017Q4,884.63,2017Q4,2037.0,2017Q4,1671.0,2017Q4,37715.0
Revenue,2017Q4,E_high,2017Q4,878.6,2017Q4,2135.0,2017Q4,1753.0,2017Q4,42418.0
Revenue,2017Q4,E_low,2017Q4,870.16,2017Q4,2000.0,2017Q4,1660.0,2017Q4,32100.0
Revenue,2017Q4,E_mean,2017Q4,874.1,2017Q4,2044.0,2017Q4,1682.0,2017Q4,34998.0
Revenue,2017Q4,Estimize,2017Q4,873.82,2017Q4,2019.0,2017Q4,1674.0,2017Q4,33827.0
Revenue,2017Q4,W_high,2017Q4,893.58,2017Q4,2040.0,2017Q4,1753.0,2017Q4,35032.0
Revenue,2017Q4,W_low,2017Q4,854.82,2017Q4,1972.0,2017Q4,1670.0,2017Q4,31492.0
Revenue,2017Q4,Wall_St.,2017Q4,874.34,2017Q4,2010.0,2017Q4,1704.0,2017Q4,33262.0
Revenue,2018Q1,Actuals,2018Q1,954.81,2018Q1,2874.0,2018Q1,1609.0,2018Q1,36099.0
Revenue,2018Q1,E_high,2018Q1,944.27,2018Q1,3039.0,2018Q1,1587.0,2018Q1,41300.0
Revenue,2018Q1,E_low,2018Q1,925.16,2018Q1,2867.0,2018Q1,1573.0,2018Q1,33000.0
Revenue,2018Q1,E_mean,2018Q1,936.38,2018Q1,2926.0,2018Q1,1580.0,2018Q1,36092.0
Revenue,2018Q1,Estimize,2018Q1,938.17,2018Q1,2909.0,2018Q1,1580.0,2018Q1,34804.0
Revenue,2018Q1,W_high,2018Q1,976.45,2018Q1,2966.0,2018Q1,1587.0,2018Q1,
Revenue,2018Q1,W_low,2018Q1,919.0,2018Q1,2873.0,2018Q1,1567.0,2018Q1,
Revenue,2018Q1,Wall_St.,2018Q1,941.27,2018Q1,2911.0,2018Q1,1577.0,2018Q1,34147.0
Revenue,2018Q2,Actuals,2018Q2,927.86,2018Q2,2327.0,2018Q2,1724.0,2018Q2,36760.0
Revenue,2018Q2,E_high,2018Q2,936.61,2018Q2,2362.0,2018Q2,1693.0,2018Q2,40267.0
Revenue,2018Q2,E_low,2018Q2,898.12,2018Q2,2235.0,2018Q2,1680.0,2018Q2,33740.0
Revenue,2018Q2,E_mean,2018Q2,922.97,2018Q2,2274.0,2018Q2,1686.0,2018Q2,37011.0
Revenue,2018Q2,Estimize,2018Q2,927.3,2018Q2,2275.0,2018Q2,1687.0,2018Q2,37615.0
Revenue,2018Q2,W_high,2018Q2,958.42,2018Q2,2284.0,2018Q2,,2018Q2,37983.0
Revenue,2018Q2,W_low,2018Q2,910.1,2018Q2,2241.0,2018Q2,,2018Q2,36170.0
Revenue,2018Q2,Wall_St.,2018Q2,925.81,2018Q2,2265.0,2018Q2,1692.0,2018Q2,36953.0
Revenue,2018Q3,Actuals,2018Q3,953.07,2018Q3,2275.0,2018Q3,1757.0,2018Q3,35791.0
Revenue,2018Q3,E_high,2018Q3,960.0,2018Q3,2331.0,2018Q3,1712.0,2018Q3,38000.0
Revenue,2018Q3,E_low,2018Q3,912.84,2018Q3,2199.0,2018Q3,1693.0,2018Q3,30985.0
Revenue,2018Q3,E_mean,2018Q3,943.04,2018Q3,2240.0,2018Q3,1701.0,2018Q3,34569.0
Revenue,2018Q3,Estimize,2018Q3,952.14,2018Q3,2248.0,2018Q3,1697.0,2018Q3,34464.0
Revenue,2018Q3,W_high,2018Q3,953.43,2018Q3,2248.0,2018Q3,1712.0,2018Q3,36238.0
Revenue,2018Q3,W_low,2018Q3,936.6,2018Q3,2215.0,2018Q3,1678.0,2018Q3,30268.0
Revenue,2018Q3,Wall_St.,2018Q3,948.48,2018Q3,2234.0,2018Q3,1695.0,2018Q3,34207.0
Revenue,2018Q4,Actuals,2018Q4,993.18,2018Q4,2105.0,2018Q4,1784.0,2018Q4,38399.0
Revenue,2018Q4,E_high,2018Q4,1000.0,2018Q4,2163.0,2018Q4,1785.0,2018Q4,38000.0
Revenue,2018Q4,E_low,2018Q4,910.2,2018Q4,2046.0,2018Q4,1748.0,2018Q4,31940.0
Revenue,2018Q4,E_mean,2018Q4,963.02,2018Q4,2114.0,2018Q4,1772.0,2018Q4,36924.0
Revenue,2018Q4,Estimize,2018Q4,978.08,2018Q4,2135.0,2018Q4,1776.0,2018Q4,37187.0
Revenue,2018Q4,W_high,2018Q4,1026.0,2018Q4,2123.0,2018Q4,1777.0,2018Q4,37453.0
Revenue,2018Q4,W_low,2018Q4,977.42,2018Q4,2080.0,2018Q4,1748.0,2018Q4,36547.0
Revenue,2018Q4,Wall_St.,2018Q4,996.32,2018Q4,2104.0,2018Q4,1763.0,2018Q4,37000.0
